archetype,opp_archetype,wins,matches,win_rate,ci_low,ci_high
5c Ephemerate,Red Madness,0.0,3,0.0,0.0,0.5614970356393196
5c Ephemerate,Grixis Affinity,0.0,1,0.0,0.0,0.7934506882081973
5c Ephemerate,Mardu Ephemerate,0.0,1,0.0,0.0,0.7934506882081973
5c Ephemerate,White Aggro,1.0,1,1.0,0.2065493117918027,1.0
Abzan Garden,Mono Blue Terror,1.0,4,0.25,0.04558726029536886,0.6993581599030918
Abzan Garden,Grixis Affinity,3.0,3,1.0,0.43850296436068037,1.0
Abzan Garden,Red Madness,0.0,2,0.0,0.0,0.6576197760453506
Abzan Garden,Spy Combo,2.0,2,1.0,0.3423802239546494,1.0
Abzan Garden,Azorius Familiars,0.0,1,0.0,0.0,0.7934506882081973
Abzan Garden,Cycle Storm,1.0,1,1.0,0.2065493117918027,1.0
Abzan Garden,Dimir Faeries,0.0,1,0.0,0.0,0.7934506882081973
Abzan Garden,Dimir Terror,1.0,1,1.0,0.2065493117918027,1.0
Abzan Garden,Elves,0.0,1,0.0,0.0,0.7934506882081973
Abzan Garden,Ephemerate Tron,1.0,1,1.0,0.2065493117918027,1.0
Abzan Garden,Esper Control,0.0,1,0.0,0.0,0.7934506882081973
Abzan Garden,Gates,1.0,1,1.0,0.2065493117918027,1.0
Abzan Garden,Golgari Garden,1.0,1,1.0,0.2065493117918027,1.0
Abzan Garden,Jund Garden,1.0,1,1.0,0.2065493117918027,1.0
Abzan Garden,Jund Midrange,0.0,1,0.0,0.0,0.7934506882081973
Abzan Garden,Mono Blue Faeries,0.0,1,0.0,0.0,0.7934506882081973
Abzan Garden,Ruby Storm,1.0,1,1.0,0.2065493117918027,1.0
Abzan Garden,Temur Control,0.0,1,0.0,0.0,0.7934506882081973
Abzan Garden,Tireless Tribe,1.0,1,1.0,0.2065493117918027,1.0
Abzan Linfelink,Jund Graveyard,1.0,1,1.0,0.2065493117918027,1.0
Abzan Linfelink,Red Madness,0.0,1,0.0,0.0,0.7934506882081973
Abzan Linfelink,Selesnya Linfelink,0.0,1,0.0,0.0,0.7934506882081973
Abzan Linfelink,White Aggro,1.0,1,1.0,0.2065493117918027,1.0
Altar Tron,Grixis Affinity,21.0,28,0.75,0.5664432952864777,0.873235051493787
Altar Tron,Red Madness,15.0,24,0.625,0.4270996229526447,0.7884063254095233
Altar Tron,Tron,10.0,21,0.47619047619047616,0.28344005975415376,0.6763046555309483
Altar Tron,Gates,10.0,16,0.625,0.38641040376611335,0.8151876754845355
Altar Tron,Turbo Fog,7.0,14,0.5,0.2679920230881164,0.7320079769118836
Altar Tron,Elves,5.0,13,0.38461538461538464,0.17709707685632237,0.6447710866356315
Altar Tron,Jund Midrange,6.0,13,0.46153846153846156,0.23206067674961361,0.7085620444143711
Altar Tron,Dimir Terror,7.0,9,0.7777777777777778,0.4525889666922117,0.9367748934594303
Altar Tron,Ephemerate Tron,3.0,8,0.375,0.13684428473912286,0.694257607346229
Altar Tron,White Aggro,6.0,8,0.75,0.40927542792725174,0.9285207879020445
Altar Tron,Golgari Garden,5.0,7,0.7142857142857143,0.3589344495310541,0.9177810767507166
Altar Tron,Gruul Ramp,4.0,7,0.5714285714285714,0.25045836275303557,0.8417801460075546
Altar Tron,Mono Blue Terror,2.0,7,0.2857142857142857,0.08221892324928332,0.6410655504689458
Altar Tron,Red Rally,2.0,7,0.2857142857142857,0.08221892324928332,0.6410655504689458
Altar Tron,Rakdos Madness,6.0,6,1.0,0.6096657083436265,1.0
Altar Tron,Spy Combo,0.0,6,0.0,0.0,0.39033429165637346
Altar Tron,Dimir Faeries,3.0,5,0.6,0.23072427940911855,0.8823792268590028
Altar Tron,Jeskai Ephemerate,4.0,5,0.8,0.375534627029995,0.9637758917743693
Altar Tron,Mono Black Sacrifice,2.0,5,0.4,0.11762077314099711,0.7692757205908813
Altar Tron,Azorius Familiars,2.0,4,0.5,0.15003898774401986,0.8499610122559802
Altar Tron,Mono Blue Faeries,1.0,4,0.25,0.04558726029536886,0.6993581599030918
Altar Tron,Mono Red Burn,3.0,4,0.75,0.3006418400969081,0.954412739704631
Altar Tron,Tireless Tribe,3.0,4,0.75,0.3006418400969081,0.954412739704631
Altar Tron,Golgari Midrange,2.0,3,0.6666666666666666,0.2076595988078242,0.9385080559790691
Altar Tron,Aura Bogles,2.0,2,1.0,0.3423802239546494,1.0
Altar Tron,Esper Familiars,1.0,2,0.5,0.09453120463920084,0.9054687953607992
Altar Tron,Grixis Terror,1.0,2,0.5,0.09453120463920084,0.9054687953607992
Altar Tron,Gruul Ponza,0.0,2,0.0,0.0,0.6576197760453506
Altar Tron,Jund Garden,0.0,2,0.0,0.0,0.6576197760453506
Altar Tron,Mardu Synthesizer,1.0,2,0.5,0.09453120463920084,0.9054687953607992
Altar Tron,Mono Black Midrange,2.0,2,1.0,0.3423802239546494,1.0
Altar Tron,Ruby Storm,0.0,2,0.0,0.0,0.6576197760453506
Altar Tron,Tortex,1.0,2,0.5,0.09453120463920084,0.9054687953607992
Altar Tron,Walls Combo,1.0,2,0.5,0.09453120463920084,0.9054687953607992
Altar Tron,Boros Synthesizer,1.0,1,1.0,0.2065493117918027,1.0
Altar Tron,Caw Gates,0.0,1,0.0,0.0,0.7934506882081973
Altar Tron,Cycle Storm,1.0,1,1.0,0.2065493117918027,1.0
Altar Tron,Dimir Affinity,0.0,1,0.0,0.0,0.7934506882081973
Altar Tron,Dimir Ephemerate,1.0,1,1.0,0.2065493117918027,1.0
Altar Tron,Dimir Midrange,0.0,1,0.0,0.0,0.7934506882081973
Altar Tron,Esper Affinity,0.0,1,0.0,0.0,0.7934506882081973
Altar Tron,Grixis Ephemerate,1.0,1,1.0,0.2065493117918027,1.0
Altar Tron,Izzet Terror,1.0,1,1.0,0.2065493117918027,1.0
Altar Tron,Jund Graveyard,1.0,1,1.0,0.2065493117918027,1.0
Altar Tron,Mardu Midrange,1.0,1,1.0,0.2065493117918027,1.0
Altar Tron,Mono B Devotion,1.0,1,1.0,0.2065493117918027,1.0
Altar Tron,Mono White Heroic,1.0,1,1.0,0.2065493117918027,1.0
Altar Tron,Orzhov Midrange,1.0,1,1.0,0.2065493117918027,1.0
Altar Tron,Rakdos Burn,1.0,1,1.0,0.2065493117918027,1.0
Altar Tron,Selesnya Linfelink,1.0,1,1.0,0.2065493117918027,1.0
Altar Tron,Simic Control,0.0,1,0.0,0.0,0.7934506882081973
Altar Tron,Simic Slime,1.0,1,1.0,0.2065493117918027,1.0
Altar Tron,Slivers,0.0,1,0.0,0.0,0.7934506882081973
Altar Tron,Sultai Proliferate Poison,0.0,1,0.0,0.0,0.7934506882081973
Altar Tron,Temur Ramp,0.0,1,0.0,0.0,0.7934506882081973
Altar Tron,UBRG Ephemerate,1.0,1,1.0,0.2065493117918027,1.0
Altar Tron,WUBR Affinity,0.0,1,0.0,0.0,0.7934506882081973
Altar Tron,Zubera Storm,1.0,1,1.0,0.2065493117918027,1.0
Aura Bogles,Red Madness,17.0,31,0.5483870967741935,0.3777216751371326,0.7083826412814458
Aura Bogles,Grixis Affinity,13.0,25,0.52,0.33498516822009217,0.6996871416694923
Aura Bogles,Elves,6.0,19,0.3157894736842105,0.15364378998470052,0.5398959249530334
Aura Bogles,Red Rally,10.0,17,0.5882352941176471,0.3600544248492146,0.7838894332600814
Aura Bogles,Mono Blue Terror,6.0,15,0.4,0.19824496026274246,0.6425317004565552
Aura Bogles,Gates,7.0,13,0.5384615384615384,0.29143795558562896,0.7679393232503864
Aura Bogles,Rakdos Madness,8.0,11,0.7272727272727273,0.4343546966810743,0.9025394078669138
Aura Bogles,Jeskai Ephemerate,6.0,10,0.6,0.3126737679211953,0.831819671473593
Aura Bogles,Jund Midrange,8.0,10,0.8,0.4901624691221323,0.9433178490622331
Aura Bogles,White Aggro,3.0,10,0.3,0.10779126655639398,0.6032218546540291
Aura Bogles,Golgari Garden,4.0,9,0.4444444444444444,0.18877851977054566,0.7333487081991259
Aura Bogles,Gruul Ramp,6.0,9,0.6666666666666666,0.35420213352505864,0.8794161825659264
Aura Bogles,Tron,6.0,9,0.6666666666666666,0.35420213352505864,0.8794161825659264
Aura Bogles,Dimir Faeries,3.0,8,0.375,0.13684428473912286,0.694257607346229
Aura Bogles,Dimir Terror,1.0,7,0.14285714285714285,0.025679624057823897,0.5131278321392249
Aura Bogles,Spy Combo,3.0,7,0.42857142857142855,0.15821985399244537,0.7495416372469643
Aura Bogles,Gruul Ponza,4.0,5,0.8,0.375534627029995,0.9637758917743693
Aura Bogles,Mono Blue Faeries,4.0,5,0.8,0.375534627029995,0.9637758917743693
Aura Bogles,Turbo Fog,4.0,4,1.0,0.5101091596030786,0.9999999999999999
Aura Bogles,Azorius Familiars,3.0,3,1.0,0.43850296436068037,1.0
Aura Bogles,Caw Gates,1.0,3,0.3333333333333333,0.06149194402093078,0.7923404011921757
Aura Bogles,Dimir Affinity,2.0,3,0.6666666666666666,0.2076595988078242,0.9385080559790691
Aura Bogles,Esper Affinity,2.0,3,0.6666666666666666,0.2076595988078242,0.9385080559790691
Aura Bogles,Esper Midrange,1.0,3,0.3333333333333333,0.06149194402093078,0.7923404011921757
Aura Bogles,Golgari Midrange,2.0,3,0.6666666666666666,0.2076595988078242,0.9385080559790691
Aura Bogles,Izzet Terror,3.0,3,1.0,0.43850296436068037,1.0
Aura Bogles,Mono Black Sacrifice,1.0,3,0.3333333333333333,0.06149194402093078,0.7923404011921757
Aura Bogles,Orzhov Midrange,2.0,3,0.6666666666666666,0.2076595988078242,0.9385080559790691
Aura Bogles,Tireless Tribe,0.0,3,0.0,0.0,0.5614970356393196
Aura Bogles,Altar Tron,0.0,2,0.0,0.0,0.6576197760453506
Aura Bogles,Mono Black Midrange,1.0,2,0.5,0.09453120463920084,0.9054687953607992
Aura Bogles,Mono White Heroic,1.0,2,0.5,0.09453120463920084,0.9054687953607992
Aura Bogles,Boros Burn,1.0,1,1.0,0.2065493117918027,1.0
Aura Bogles,Burn,1.0,1,1.0,0.2065493117918027,1.0
Aura Bogles,Dimir Control,1.0,1,1.0,0.2065493117918027,1.0
Aura Bogles,Golgari Ramp,1.0,1,1.0,0.2065493117918027,1.0
Aura Bogles,Grixis Terror,0.0,1,0.0,0.0,0.7934506882081973
Aura Bogles,Izzet Control,1.0,1,1.0,0.2065493117918027,1.0
Aura Bogles,Jund Garden,0.0,1,0.0,0.0,0.7934506882081973
Aura Bogles,Jund Graveyard,0.0,1,0.0,0.0,0.7934506882081973
Aura Bogles,Mono White Midrange,1.0,1,1.0,0.2065493117918027,1.0
Aura Bogles,Orzhov Ephemerate,1.0,1,1.0,0.2065493117918027,1.0
Aura Bogles,Rakdos Affinity,0.0,1,0.0,0.0,0.7934506882081973
Aura Bogles,Ruby Storm,0.0,1,0.0,0.0,0.7934506882081973
Aura Bogles,Simic Control,0.0,1,0.0,0.0,0.7934506882081973
Aura Bogles,Tortex,0.0,1,0.0,0.0,0.7934506882081973
Azorius Affinity,Gates,1.0,2,0.5,0.09453120463920084,0.9054687953607992
Azorius Affinity,Golgari Linfelink,0.0,1,0.0,0.0,0.7934506882081973
Azorius Affinity,Grixis Affinity,1.0,1,1.0,0.2065493117918027,1.0
Azorius Affinity,Reanimator,0.0,1,0.0,0.0,0.7934506882081973
Azorius Affinity,Red Rally,0.0,1,0.0,0.0,0.7934506882081973
Azorius Affinity,Spy Combo,0.0,1,0.0,0.0,0.7934506882081973
Azorius Affinity,Sultai Proliferate Poison,0.0,1,0.0,0.0,0.7934506882081973
Azorius Affinity,Turbo Fog,1.0,1,1.0,0.2065493117918027,1.0
Azorius Ephemerate,Mono Blue Faeries,0.0,1,0.0,0.0,0.7934506882081973
Azorius Ephemerate,Mono Blue Terror,0.0,1,0.0,0.0,0.7934506882081973
Azorius Faeries,Caw Gates,1.0,3,0.3333333333333333,0.06149194402093078,0.7923404011921757
Azorius Faeries,Rakdos Madness,2.0,3,0.6666666666666666,0.2076595988078242,0.9385080559790691
Azorius Faeries,Golgari Garden,1.0,2,0.5,0.09453120463920084,0.9054687953607992
Azorius Faeries,Mono Black Sacrifice,1.0,2,0.5,0.09453120463920084,0.9054687953607992
Azorius Faeries,Burn,0.0,1,0.0,0.0,0.7934506882081973
Azorius Faeries,Gates,0.0,1,0.0,0.0,0.7934506882081973
Azorius Faeries,Jund Midrange,1.0,1,1.0,0.2065493117918027,1.0
Azorius Faeries,Slivers,0.0,1,0.0,0.0,0.7934506882081973
Azorius Faeries,Spy Combo,0.0,1,0.0,0.0,0.7934506882081973
Azorius Faeries,White Aggro,1.0,1,1.0,0.2065493117918027,1.0
Azorius Familiars,Red Madness,17.0,37,0.4594594594594595,0.3103856970050248,0.6161595322259052
Azorius Familiars,Grixis Affinity,12.0,33,0.36363636363636365,0.22187178144210248,0.5338382182894987
Azorius Familiars,Spy Combo,9.0,22,0.4090909090909091,0.23255816086354597,0.6126518167010261
Azorius Familiars,Elves,10.0,20,0.5,0.2992980068701797,0.7007019931298203
Azorius Familiars,Red Rally,11.0,20,0.55,0.3420853410191274,0.7418021429623598
Azorius Familiars,Dimir Faeries,11.0,19,0.5789473684210527,0.362759033831258,0.7685810883382846
Azorius Familiars,Mono Blue Terror,10.0,18,0.5555555555555556,0.3371641549342691,0.7544048199620327
Azorius Familiars,Jund Midrange,9.0,17,0.5294117647058824,0.3096323491502231,0.7383489368862088
Azorius Familiars,Gates,12.0,15,0.8,0.5481455107594471,0.9295245070826608
Azorius Familiars,Jeskai Ephemerate,6.0,13,0.46153846153846156,0.23206067674961361,0.7085620444143711
Azorius Familiars,White Aggro,9.0,13,0.6923076923076923,0.42369342985078007,0.8731929643292967
Azorius Familiars,Tron,7.0,12,0.5833333333333334,0.31951131084242423,0.8067396875653928
Azorius Familiars,Dimir Terror,3.0,11,0.2727272727272727,0.09746059213308628,0.5656453033189257
Azorius Familiars,Rakdos Madness,6.0,9,0.6666666666666666,0.35420213352505864,0.8794161825659264
Azorius Familiars,Ruby Storm,6.0,9,0.6666666666666666,0.35420213352505864,0.8794161825659264
Azorius Familiars,Golgari Garden,5.0,8,0.625,0.30574239265377096,0.8631557152608771
Azorius Familiars,Gruul Ramp,6.0,8,0.75,0.40927542792725174,0.9285207879020445
Azorius Familiars,Mono Black Sacrifice,4.0,7,0.5714285714285714,0.25045836275303557,0.8417801460075546
Azorius Familiars,Mono Blue Faeries,3.0,7,0.42857142857142855,0.15821985399244537,0.7495416372469643
Azorius Familiars,Gruul Ponza,3.0,6,0.5,0.18761630498040816,0.8123836950195918
Azorius Familiars,Cycle Storm,1.0,5,0.2,0.03622410822563066,0.6244653729700049
Azorius Familiars,Ephemerate Tron,4.0,5,0.8,0.375534627029995,0.9637758917743693
Azorius Familiars,Izzet Terror,3.0,5,0.6,0.23072427940911855,0.8823792268590028
Azorius Familiars,Mono Red Burn,2.0,5,0.4,0.11762077314099711,0.7692757205908813
Azorius Familiars,Orzhov Midrange,3.0,5,0.6,0.23072427940911855,0.8823792268590028
Azorius Familiars,Altar Tron,2.0,4,0.5,0.15003898774401986,0.8499610122559802
Azorius Familiars,Aura Bogles,0.0,3,0.0,0.0,0.5614970356393196
Azorius Familiars,Burn,2.0,3,0.6666666666666666,0.2076595988078242,0.9385080559790691
Azorius Familiars,Golgari Midrange,3.0,3,1.0,0.43850296436068037,1.0
Azorius Familiars,Jund Graveyard,2.0,3,0.6666666666666666,0.2076595988078242,0.9385080559790691
Azorius Familiars,Tireless Tribe,0.0,3,0.0,0.0,0.5614970356393196
Azorius Familiars,Turbo Fog,2.0,3,0.6666666666666666,0.2076595988078242,0.9385080559790691
Azorius Familiars,Walls Combo,1.0,3,0.3333333333333333,0.06149194402093078,0.7923404011921757
Azorius Familiars,Caw Gates,1.0,2,0.5,0.09453120463920084,0.9054687953607992
Azorius Familiars,Dimir Affinity,0.0,2,0.0,0.0,0.6576197760453506
Azorius Familiars,Esper Familiars,1.0,2,0.5,0.09453120463920084,0.9054687953607992
Azorius Familiars,Jund Garden,0.0,2,0.0,0.0,0.6576197760453506
Azorius Familiars,Mardu Synthesizer,2.0,2,1.0,0.3423802239546494,1.0
Azorius Familiars,Temur Garden,1.0,2,0.5,0.09453120463920084,0.9054687953607992
Azorius Familiars,Abzan Garden,1.0,1,1.0,0.2065493117918027,1.0
Azorius Familiars,Boros Synthesizer,1.0,1,1.0,0.2065493117918027,1.0
Azorius Familiars,Dimir Midrange,0.0,1,0.0,0.0,0.7934506882081973
Azorius Familiars,Esper Midrange,0.0,1,0.0,0.0,0.7934506882081973
Azorius Familiars,Golgari Ramp,1.0,1,1.0,0.2065493117918027,1.0
Azorius Familiars,Grixis Ephemerate,1.0,1,1.0,0.2065493117918027,1.0
Azorius Familiars,Gruul Garden,1.0,1,1.0,0.2065493117918027,1.0
Azorius Familiars,Infect,1.0,1,1.0,0.2065493117918027,1.0
Azorius Familiars,Izzet Kiln Fiend,1.0,1,1.0,0.2065493117918027,1.0
Azorius Familiars,Mardu Midrange,1.0,1,1.0,0.2065493117918027,1.0
Azorius Familiars,Mono Red Kiln Fiend,1.0,1,1.0,0.2065493117918027,1.0
Azorius Familiars,Mono Red Synthesizer,1.0,1,1.0,0.2065493117918027,1.0
Azorius Familiars,Mono White Heroic,0.0,1,0.0,0.0,0.7934506882081973
Azorius Familiars,Orzhov Ephemerate,1.0,1,1.0,0.2065493117918027,1.0
Azorius Familiars,Serpentine Curve,1.0,1,1.0,0.2065493117918027,1.0
Azorius Familiars,Simic Graveyard,0.0,1,0.0,0.0,0.7934506882081973
Azorius Familiars,Simic Ramp,0.0,1,0.0,0.0,0.7934506882081973
Azorius Familiars,Slivers,1.0,1,1.0,0.2065493117918027,1.0
Azorius Familiars,Temur Control,1.0,1,1.0,0.2065493117918027,1.0
Azorius Familiars,Zubera Storm,0.0,1,0.0,0.0,0.7934506882081973
Azorius Midrange,Elves,0.0,2,0.0,0.0,0.6576197760453506
Azorius Midrange,Grixis Affinity,1.0,2,0.5,0.09453120463920084,0.9054687953607992
Azorius Midrange,Red Rally,0.0,2,0.0,0.0,0.6576197760453506
Azorius Midrange,Esper Affinity,0.0,1,0.0,0.0,0.7934506882081973
Azorius Midrange,Golgari Garden,0.0,1,0.0,0.0,0.7934506882081973
Azorius Midrange,Gruul Ponza,0.0,1,0.0,0.0,0.7934506882081973
Azorius Midrange,Jund Midrange,0.0,1,0.0,0.0,0.7934506882081973
Azorius Midrange,Mardu Synthesizer,1.0,1,1.0,0.2065493117918027,1.0
Azorius Midrange,Mono Blue Faeries,0.0,1,0.0,0.0,0.7934506882081973
Azorius Midrange,Mono Blue Terror,0.0,1,0.0,0.0,0.7934506882081973
Azorius Midrange,Orzhov Midrange,1.0,1,1.0,0.2065493117918027,1.0
Azorius Midrange,Rakdos Madness,0.0,1,0.0,0.0,0.7934506882081973
Azorius Midrange,Red Madness,1.0,1,1.0,0.2065493117918027,1.0
Azorius Midrange,Tireless Tribe,1.0,1,1.0,0.2065493117918027,1.0
Azorius Midrange,Tron,0.0,1,0.0,0.0,0.7934506882081973
Bant Ephemerate,Grixis Affinity,3.0,3,1.0,0.43850296436068037,1.0
Bant Ephemerate,Golgari Garden,0.0,1,0.0,0.0,0.7934506882081973
Bant Ephemerate,Gruul Ramp,0.0,1,0.0,0.0,0.7934506882081973
Bant Ephemerate,Izzet Terror,0.0,1,0.0,0.0,0.7934506882081973
Bant Ephemerate,Jeskai Ephemerate,0.0,1,0.0,0.0,0.7934506882081973
Bant Ephemerate,Red Madness,0.0,1,0.0,0.0,0.7934506882081973
Bant Ephemerate,Serpentine Curve,0.0,1,0.0,0.0,0.7934506882081973
Bant Ephemerate,Spy Combo,1.0,1,1.0,0.2065493117918027,1.0
Bant Ephemerate,Walls Combo,0.0,1,0.0,0.0,0.7934506882081973
Bant Ephemerate,White Aggro,1.0,1,1.0,0.2065493117918027,1.0
Bant Familiars,Red Rally,1.0,2,0.5,0.09453120463920084,0.9054687953607992
Bant Familiars,Elves,0.0,1,0.0,0.0,0.7934506882081973
Bant Familiars,Grixis Affinity,1.0,1,1.0,0.2065493117918027,1.0
Bant Familiars,Temur Ramp,1.0,1,1.0,0.2065493117918027,1.0
Black Burn,Mono Blue Terror,2.0,4,0.5,0.15003898774401986,0.8499610122559802
Black Burn,Gates,1.0,2,0.5,0.09453120463920084,0.9054687953607992
Black Burn,Grixis Affinity,1.0,2,0.5,0.09453120463920084,0.9054687953607992
Black Burn,Mono Blue Faeries,0.0,2,0.0,0.0,0.6576197760453506
Black Burn,Red Rally,0.0,2,0.0,0.0,0.6576197760453506
Black Burn,Gruul Ramp,1.0,1,1.0,0.2065493117918027,1.0
Black Burn,Mono Red Burn,0.0,1,0.0,0.0,0.7934506882081973
Black Burn,Orzhov Midrange,0.0,1,0.0,0.0,0.7934506882081973
Black Burn,Red Madness,1.0,1,1.0,0.2065493117918027,1.0
Black Burn,Slivers,0.0,1,0.0,0.0,0.7934506882081973
Black Burn,Spy Combo,0.0,1,0.0,0.0,0.7934506882081973
Black Burn,Tireless Tribe,0.0,1,0.0,0.0,0.7934506882081973
Black Burn,Tron,1.0,1,1.0,0.2065493117918027,1.0
Black Burn,White Aggro,0.0,1,0.0,0.0,0.7934506882081973
Boros Bully,Mono Blue Terror,3.0,3,1.0,0.43850296436068037,1.0
Boros Bully,Gates,1.0,2,0.5,0.09453120463920084,0.9054687953607992
Boros Bully,White Aggro,1.0,2,0.5,0.09453120463920084,0.9054687953607992
Boros Bully,Dimir Midrange,1.0,1,1.0,0.2065493117918027,1.0
Boros Bully,Dimir Terror,0.0,1,0.0,0.0,0.7934506882081973
Boros Bully,Grixis Affinity,1.0,1,1.0,0.2065493117918027,1.0
Boros Bully,Gruul Garden,0.0,1,0.0,0.0,0.7934506882081973
Boros Bully,Izzet Affinity,0.0,1,0.0,0.0,0.7934506882081973
Boros Bully,Jeskai Ephemerate,0.0,1,0.0,0.0,0.7934506882081973
Boros Bully,Spy Combo,1.0,1,1.0,0.2065493117918027,1.0
Boros Bully,Tron,0.0,1,0.0,0.0,0.7934506882081973
Boros Bully,Turbo Fog,0.0,1,0.0,0.0,0.7934506882081973
Boros Burn,Gates,1.0,2,0.5,0.09453120463920084,0.9054687953607992
Boros Burn,Aura Bogles,0.0,1,0.0,0.0,0.7934506882081973
Boros Burn,Elves,1.0,1,1.0,0.2065493117918027,1.0
Boros Burn,Tron,1.0,1,1.0,0.2065493117918027,1.0
Boros Heroic,Dimir Faeries,0.0,1,0.0,0.0,0.7934506882081973
Boros Heroic,Dimir Terror,0.0,1,0.0,0.0,0.7934506882081973
Boros Midrange,Red Madness,2.0,2,1.0,0.3423802239546494,1.0
Boros Midrange,Cycle Storm,1.0,1,1.0,0.2065493117918027,1.0
Boros Midrange,Dimir Faeries,1.0,1,1.0,0.2065493117918027,1.0
Boros Midrange,Dimir Terror,1.0,1,1.0,0.2065493117918027,1.0
Boros Midrange,Gates,1.0,1,1.0,0.2065493117918027,1.0
Boros Midrange,Grixis Affinity,1.0,1,1.0,0.2065493117918027,1.0
Boros Midrange,Gruul Ramp,0.0,1,0.0,0.0,0.7934506882081973
Boros Midrange,Mono Blue Terror,0.0,1,0.0,0.0,0.7934506882081973
Boros Midrange,Red Rally,1.0,1,1.0,0.2065493117918027,1.0
Boros Midrange,Ruby Storm,1.0,1,1.0,0.2065493117918027,1.0
Boros Midrange,Tireless Tribe,1.0,1,1.0,0.2065493117918027,1.0
Boros Midrange,Tron,0.0,1,0.0,0.0,0.7934506882081973
Boros Midrange,Turbo Fog,0.0,1,0.0,0.0,0.7934506882081973
Boros Synthesizer,Grixis Affinity,5.0,7,0.7142857142857143,0.3589344495310541,0.9177810767507166
Boros Synthesizer,Jund Midrange,6.0,6,1.0,0.6096657083436265,1.0
Boros Synthesizer,Mono Blue Terror,3.0,6,0.5,0.18761630498040816,0.8123836950195918
Boros Synthesizer,Red Madness,4.0,6,0.6666666666666666,0.29999331299474324,0.9032285897864654
Boros Synthesizer,Red Rally,6.0,6,1.0,0.6096657083436265,1.0
Boros Synthesizer,Rakdos Madness,1.0,3,0.3333333333333333,0.06149194402093078,0.7923404011921757
Boros Synthesizer,Dimir Faeries,1.0,2,0.5,0.09453120463920084,0.9054687953607992
Boros Synthesizer,Elves,1.0,2,0.5,0.09453120463920084,0.9054687953607992
Boros Synthesizer,Mono B Devotion,1.0,2,0.5,0.09453120463920084,0.9054687953607992
Boros Synthesizer,Mono Black Sacrifice,1.0,2,0.5,0.09453120463920084,0.9054687953607992
Boros Synthesizer,Altar Tron,0.0,1,0.0,0.0,0.7934506882081973
Boros Synthesizer,Azorius Familiars,0.0,1,0.0,0.0,0.7934506882081973
Boros Synthesizer,Caw Gates,0.0,1,0.0,0.0,0.7934506882081973
Boros Synthesizer,Gates,0.0,1,0.0,0.0,0.7934506882081973
Boros Synthesizer,Golgari Garden,1.0,1,1.0,0.2065493117918027,1.0
Boros Synthesizer,Gruul Ponza,0.0,1,0.0,0.0,0.7934506882081973
Boros Synthesizer,Jeskai Ephemerate,0.0,1,0.0,0.0,0.7934506882081973
Boros Synthesizer,Jund Garden,0.0,1,0.0,0.0,0.7934506882081973
Boros Synthesizer,Mardu Synthesizer,0.0,1,0.0,0.0,0.7934506882081973
Boros Synthesizer,Mono Blue Faeries,1.0,1,1.0,0.2065493117918027,1.0
Boros Synthesizer,Mono Red Burn,1.0,1,1.0,0.2065493117918027,1.0
Boros Synthesizer,Ruby Storm,0.0,1,0.0,0.0,0.7934506882081973
Boros Synthesizer,Simic Bogles,0.0,1,0.0,0.0,0.7934506882081973
Boros Synthesizer,Simic Control,0.0,1,0.0,0.0,0.7934506882081973
Boros Synthesizer,Slivers,1.0,1,1.0,0.2065493117918027,1.0
Boros Synthesizer,Tireless Tribe,1.0,1,1.0,0.2065493117918027,1.0
Boros Synthesizer,Tron,1.0,1,1.0,0.2065493117918027,1.0
Boros Synthesizer,Walls Combo,0.0,1,0.0,0.0,0.7934506882081973
Burn,Grixis Affinity,7.0,12,0.5833333333333334,0.31951131084242423,0.8067396875653928
Burn,Mono Blue Terror,5.0,12,0.4166666666666667,0.1932603124346072,0.6804886891575758
Burn,Red Madness,4.0,8,0.5,0.21521606069626764,0.7847839393037324
Burn,Elves,4.0,7,0.5714285714285714,0.25045836275303557,0.8417801460075546
Burn,Gates,1.0,7,0.14285714285714285,0.025679624057823897,0.5131278321392249
Burn,Tron,3.0,7,0.42857142857142855,0.15821985399244537,0.7495416372469643
Burn,White Aggro,2.0,7,0.2857142857142857,0.08221892324928332,0.6410655504689458
Burn,Jund Midrange,4.0,6,0.6666666666666666,0.29999331299474324,0.9032285897864654
Burn,Dimir Faeries,0.0,5,0.0,0.0,0.43448246865939283
Burn,Jeskai Ephemerate,1.0,5,0.2,0.03622410822563066,0.6244653729700049
Burn,Spy Combo,2.0,5,0.4,0.11762077314099711,0.7692757205908813
Burn,Golgari Garden,3.0,4,0.75,0.3006418400969081,0.954412739704631
Burn,Gruul Ramp,3.0,4,0.75,0.3006418400969081,0.954412739704631
Burn,Mono Blue Faeries,1.0,4,0.25,0.04558726029536886,0.6993581599030918
Burn,Tireless Tribe,1.0,4,0.25,0.04558726029536886,0.6993581599030918
Burn,Azorius Familiars,1.0,3,0.3333333333333333,0.06149194402093078,0.7923404011921757
Burn,Cycle Storm,1.0,2,0.5,0.09453120463920084,0.9054687953607992
Burn,Dimir Terror,0.0,2,0.0,0.0,0.6576197760453506
Burn,Golgari Midrange,1.0,2,0.5,0.09453120463920084,0.9054687953607992
Burn,Orzhov Midrange,2.0,2,1.0,0.3423802239546494,1.0
Burn,Red Rally,0.0,2,0.0,0.0,0.6576197760453506
Burn,Ruby Storm,0.0,2,0.0,0.0,0.6576197760453506
Burn,Walls Combo,2.0,2,1.0,0.3423802239546494,1.0
Burn,Aura Bogles,0.0,1,0.0,0.0,0.7934506882081973
Burn,Azorius Faeries,1.0,1,1.0,0.2065493117918027,1.0
Burn,Ephemerate Tron,0.0,1,0.0,0.0,0.7934506882081973
Burn,Golgari Linfelink,0.0,1,0.0,0.0,0.7934506882081973
Burn,Grixis Midrange,0.0,1,0.0,0.0,0.7934506882081973
Burn,Grixis Terror,0.0,1,0.0,0.0,0.7934506882081973
Burn,Gruul Ponza,0.0,1,0.0,0.0,0.7934506882081973
Burn,Infect,1.0,1,1.0,0.2065493117918027,1.0
Burn,Izzet Control,1.0,1,1.0,0.2065493117918027,1.0
Burn,Mardu Midrange,1.0,1,1.0,0.2065493117918027,1.0
Burn,Mono Red Burn,0.0,1,0.0,0.0,0.7934506882081973
Burn,Mono White Heroic,0.0,1,0.0,0.0,0.7934506882081973
Burn,Rakdos Madness,0.0,1,0.0,0.0,0.7934506882081973
Burn,Temur Control,0.0,1,0.0,0.0,0.7934506882081973
Caw Gates,Grixis Affinity,10.0,18,0.5555555555555556,0.3371641549342691,0.7544048199620327
Caw Gates,Red Madness,11.0,16,0.6875,0.4440435565274821,0.858353562348491
Caw Gates,Elves,3.0,8,0.375,0.13684428473912286,0.694257607346229
Caw Gates,Mono Blue Faeries,4.0,6,0.6666666666666666,0.29999331299474324,0.9032285897864654
Caw Gates,Rakdos Madness,5.0,6,0.8333333333333334,0.4364971749742326,0.969946630588185
Caw Gates,Tireless Tribe,3.0,6,0.5,0.18761630498040816,0.8123836950195918
Caw Gates,Jeskai Ephemerate,3.0,5,0.6,0.23072427940911855,0.8823792268590028
Caw Gates,Jund Midrange,1.0,5,0.2,0.03622410822563066,0.6244653729700049
Caw Gates,Mono Blue Terror,3.0,5,0.6,0.23072427940911855,0.8823792268590028
Caw Gates,Red Rally,3.0,5,0.6,0.23072427940911855,0.8823792268590028
Caw Gates,Tron,2.0,5,0.4,0.11762077314099711,0.7692757205908813
Caw Gates,Gates,3.0,4,0.75,0.3006418400969081,0.954412739704631
Caw Gates,Spy Combo,1.0,4,0.25,0.04558726029536886,0.6993581599030918
Caw Gates,Aura Bogles,2.0,3,0.6666666666666666,0.2076595988078242,0.9385080559790691
Caw Gates,Azorius Faeries,2.0,3,0.6666666666666666,0.2076595988078242,0.9385080559790691
Caw Gates,Dimir Faeries,3.0,3,1.0,0.43850296436068037,1.0
Caw Gates,Dimir Terror,1.0,3,0.3333333333333333,0.06149194402093078,0.7923404011921757
Caw Gates,Izzet Terror,2.0,3,0.6666666666666666,0.2076595988078242,0.9385080559790691
Caw Gates,Jund Graveyard,1.0,3,0.3333333333333333,0.06149194402093078,0.7923404011921757
Caw Gates,Mono Black Sacrifice,2.0,3,0.6666666666666666,0.2076595988078242,0.9385080559790691
Caw Gates,White Aggro,2.0,3,0.6666666666666666,0.2076595988078242,0.9385080559790691
Caw Gates,Azorius Familiars,1.0,2,0.5,0.09453120463920084,0.9054687953607992
Caw Gates,Ephemerate Tron,0.0,2,0.0,0.0,0.6576197760453506
Caw Gates,Ruby Storm,1.0,2,0.5,0.09453120463920084,0.9054687953607992
Caw Gates,Turbo Fog,1.0,2,0.5,0.09453120463920084,0.9054687953607992
Caw Gates,Altar Tron,1.0,1,1.0,0.2065493117918027,1.0
Caw Gates,Boros Synthesizer,1.0,1,1.0,0.2065493117918027,1.0
Caw Gates,Dimir Control,1.0,1,1.0,0.2065493117918027,1.0
Caw Gates,Golgari Garden,1.0,1,1.0,0.2065493117918027,1.0
Caw Gates,Golgari Midrange,0.0,1,0.0,0.0,0.7934506882081973
Caw Gates,Grixis Terror,1.0,1,1.0,0.2065493117918027,1.0
Caw Gates,Gruul Garden,0.0,1,0.0,0.0,0.7934506882081973
Caw Gates,Gruul Ramp,1.0,1,1.0,0.2065493117918027,1.0
Caw Gates,Infect,0.0,1,0.0,0.0,0.7934506882081973
Caw Gates,Mardu Synthesizer,1.0,1,1.0,0.2065493117918027,1.0
Caw Gates,Mono B Devotion,1.0,1,1.0,0.2065493117918027,1.0
Caw Gates,Mono Red Burn,1.0,1,1.0,0.2065493117918027,1.0
Caw Gates,Mono White Heroic,1.0,1,1.0,0.2065493117918027,1.0
Caw Gates,Mono White Midrange,1.0,1,1.0,0.2065493117918027,1.0
Caw Gates,Orzhov Midrange,1.0,1,1.0,0.2065493117918027,1.0
Caw Gates,Rakdos Midrange,1.0,1,1.0,0.2065493117918027,1.0
Caw Gates,Selesnya Linfelink,1.0,1,1.0,0.2065493117918027,1.0
Caw Gates,Slivers,0.0,1,0.0,0.0,0.7934506882081973
Caw Gates,Walls Combo,0.0,1,0.0,0.0,0.7934506882081973
Cycle Storm,Gates,3.0,7,0.42857142857142855,0.15821985399244537,0.7495416372469643
Cycle Storm,Grixis Affinity,3.0,7,0.42857142857142855,0.15821985399244537,0.7495416372469643
Cycle Storm,Red Madness,2.0,6,0.3333333333333333,0.09677141021353453,0.7000066870052566
Cycle Storm,Red Rally,0.0,6,0.0,0.0,0.39033429165637346
Cycle Storm,Azorius Familiars,4.0,5,0.8,0.375534627029995,0.9637758917743693
Cycle Storm,Dimir Faeries,2.0,4,0.5,0.15003898774401986,0.8499610122559802
Cycle Storm,Jeskai Ephemerate,3.0,4,0.75,0.3006418400969081,0.954412739704631
Cycle Storm,Jund Midrange,4.0,4,1.0,0.5101091596030786,0.9999999999999999
Cycle Storm,Mono Blue Terror,2.0,4,0.5,0.15003898774401986,0.8499610122559802
Cycle Storm,Spy Combo,3.0,4,0.75,0.3006418400969081,0.954412739704631
Cycle Storm,Tron,2.0,4,0.5,0.15003898774401986,0.8499610122559802
Cycle Storm,White Aggro,3.0,4,0.75,0.3006418400969081,0.954412739704631
Cycle Storm,Gruul Ramp,1.0,3,0.3333333333333333,0.06149194402093078,0.7923404011921757
Cycle Storm,Izzet Terror,1.0,3,0.3333333333333333,0.06149194402093078,0.7923404011921757
Cycle Storm,Turbo Fog,3.0,3,1.0,0.43850296436068037,1.0
Cycle Storm,Burn,1.0,2,0.5,0.09453120463920084,0.9054687953607992
Cycle Storm,Elves,1.0,2,0.5,0.09453120463920084,0.9054687953607992
Cycle Storm,Rakdos Madness,1.0,2,0.5,0.09453120463920084,0.9054687953607992
Cycle Storm,Ruby Storm,2.0,2,1.0,0.3423802239546494,1.0
Cycle Storm,Tireless Tribe,1.0,2,0.5,0.09453120463920084,0.9054687953607992
Cycle Storm,Abzan Garden,0.0,1,0.0,0.0,0.7934506882081973
Cycle Storm,Altar Tron,0.0,1,0.0,0.0,0.7934506882081973
Cycle Storm,Boros Midrange,0.0,1,0.0,0.0,0.7934506882081973
Cycle Storm,Golgari Garden,0.0,1,0.0,0.0,0.7934506882081973
Cycle Storm,Grixis Terror,1.0,1,1.0,0.2065493117918027,1.0
Cycle Storm,Gruul Ponza,1.0,1,1.0,0.2065493117918027,1.0
Cycle Storm,Orzhov Midrange,0.0,1,0.0,0.0,0.7934506882081973
Cycle Storm,Rakdos Goblins,0.0,1,0.0,0.0,0.7934506882081973
Cycle Storm,Rakdos Midrange,0.0,1,0.0,0.0,0.7934506882081973
Cycle Storm,Simic Faeries,0.0,1,0.0,0.0,0.7934506882081973
Cycle Storm,UBRG Proliferate Poison,1.0,1,1.0,0.2065493117918027,1.0
Dimir Affinity,Grixis Affinity,8.0,12,0.6666666666666666,0.3906220869404939,0.86187990987514
Dimir Affinity,Red Madness,6.0,11,0.5454545454545454,0.2800915357859759,0.7872872851236217
Dimir Affinity,Tron,3.0,6,0.5,0.18761630498040816,0.8123836950195918
Dimir Affinity,Mono Blue Terror,4.0,5,0.8,0.375534627029995,0.9637758917743693
Dimir Affinity,Gates,2.0,4,0.5,0.15003898774401986,0.8499610122559802
Dimir Affinity,Aura Bogles,1.0,3,0.3333333333333333,0.06149194402093078,0.7923404011921757
Dimir Affinity,Elves,0.0,3,0.0,0.0,0.5614970356393196
Dimir Affinity,Mono Blue Faeries,0.0,3,0.0,0.0,0.5614970356393196
Dimir Affinity,Rakdos Madness,1.0,3,0.3333333333333333,0.06149194402093078,0.7923404011921757
Dimir Affinity,Red Rally,3.0,3,1.0,0.43850296436068037,1.0
Dimir Affinity,Ruby Storm,1.0,3,0.3333333333333333,0.06149194402093078,0.7923404011921757
Dimir Affinity,Azorius Familiars,2.0,2,1.0,0.3423802239546494,1.0
Dimir Affinity,Dimir Terror,2.0,2,1.0,0.3423802239546494,1.0
Dimir Affinity,Golgari Midrange,1.0,2,0.5,0.09453120463920084,0.9054687953607992
Dimir Affinity,Izzet Terror,1.0,2,0.5,0.09453120463920084,0.9054687953607992
Dimir Affinity,Jund Midrange,1.0,2,0.5,0.09453120463920084,0.9054687953607992
Dimir Affinity,Temur Control,2.0,2,1.0,0.3423802239546494,1.0
Dimir Affinity,White Aggro,2.0,2,1.0,0.3423802239546494,1.0
Dimir Affinity,Altar Tron,1.0,1,1.0,0.2065493117918027,1.0
Dimir Affinity,Golgari Garden,0.0,1,0.0,0.0,0.7934506882081973
Dimir Affinity,Gruul Ponza,1.0,1,1.0,0.2065493117918027,1.0
Dimir Affinity,Jeskai Ephemerate,1.0,1,1.0,0.2065493117918027,1.0
Dimir Affinity,Jund Graveyard,1.0,1,1.0,0.2065493117918027,1.0
Dimir Affinity,Mono Black Sacrifice,1.0,1,1.0,0.2065493117918027,1.0
Dimir Affinity,Mono Red Burn,1.0,1,1.0,0.2065493117918027,1.0
Dimir Affinity,Mono White Heroic,1.0,1,1.0,0.2065493117918027,1.0
Dimir Affinity,Mono White Midrange,0.0,1,0.0,0.0,0.7934506882081973
Dimir Affinity,Orzhov Midrange,1.0,1,1.0,0.2065493117918027,1.0
Dimir Affinity,Simic Graveyard,0.0,1,0.0,0.0,0.7934506882081973
Dimir Affinity,Spy Combo,0.0,1,0.0,0.0,0.7934506882081973
Dimir Affinity,Tireless Tribe,1.0,1,1.0,0.2065493117918027,1.0
Dimir Affinity,UBRG Ephemerate,0.0,1,0.0,0.0,0.7934506882081973
Dimir Affinity,Zubera Storm,1.0,1,1.0,0.2065493117918027,1.0
Dimir Control,Aura Bogles,0.0,1,0.0,0.0,0.7934506882081973
Dimir Control,Caw Gates,0.0,1,0.0,0.0,0.7934506882081973
Dimir Control,Grixis Affinity,0.0,1,0.0,0.0,0.7934506882081973
Dimir Control,Gruul Ramp,0.0,1,0.0,0.0,0.7934506882081973
Dimir Control,Rakdos Affinity,0.0,1,0.0,0.0,0.7934506882081973
Dimir Control,Red Madness,0.0,1,0.0,0.0,0.7934506882081973
Dimir Control,UBRG Proliferate Poison,0.0,1,0.0,0.0,0.7934506882081973
Dimir Ephemerate,Elves,2.0,3,0.6666666666666666,0.2076595988078242,0.9385080559790691
Dimir Ephemerate,Gates,1.0,3,0.3333333333333333,0.06149194402093078,0.7923404011921757
Dimir Ephemerate,Grixis Affinity,1.0,3,0.3333333333333333,0.06149194402093078,0.7923404011921757
Dimir Ephemerate,Red Rally,0.0,3,0.0,0.0,0.5614970356393196
Dimir Ephemerate,Dimir Faeries,0.0,2,0.0,0.0,0.6576197760453506
Dimir Ephemerate,Golgari Garden,1.0,2,0.5,0.09453120463920084,0.9054687953607992
Dimir Ephemerate,Red Madness,1.0,2,0.5,0.09453120463920084,0.9054687953607992
Dimir Ephemerate,Spy Combo,1.0,2,0.5,0.09453120463920084,0.9054687953607992
Dimir Ephemerate,Altar Tron,0.0,1,0.0,0.0,0.7934506882081973
Dimir Ephemerate,Dimir Terror,1.0,1,1.0,0.2065493117918027,1.0
Dimir Ephemerate,Esper Midrange,1.0,1,1.0,0.2065493117918027,1.0
Dimir Ephemerate,Gruul Ramp,0.0,1,0.0,0.0,0.7934506882081973
Dimir Ephemerate,Izzet Terror,0.0,1,0.0,0.0,0.7934506882081973
Dimir Ephemerate,Mono Blue Terror,1.0,1,1.0,0.2065493117918027,1.0
Dimir Ephemerate,Ruby Storm,1.0,1,1.0,0.2065493117918027,1.0
Dimir Ephemerate,Tireless Tribe,0.0,1,0.0,0.0,0.7934506882081973
Dimir Ephemerate,WUBR Affinity,0.5,1,0.5,0.0546207548032247,0.9453792451967753
Dimir Ephemerate,White Aggro,0.0,1,0.0,0.0,0.7934506882081973
Dimir Faeries,Grixis Affinity,30.0,74,0.40540540540540543,0.3009056438754634,0.5192416118260357
Dimir Faeries,Red Madness,33.0,65,0.5076923076923077,0.389164523986785,0.6253616062877682
Dimir Faeries,Red Rally,18.0,38,0.47368421052631576,0.3247902321756621,0.6274102872738632
Dimir Faeries,Tron,16.0,32,0.5,0.33630882754048685,0.6636911724595131
Dimir Faeries,Mono Blue Terror,23.0,31,0.7419354838709677,0.5675386404606986,0.8629829416321935
Dimir Faeries,Elves,13.0,30,0.43333333333333335,0.27377485469947366,0.6080269312687199
Dimir Faeries,White Aggro,18.0,29,0.6206896551724138,0.4400254406948544,0.7731197799636186
Dimir Faeries,Gates,13.0,28,0.4642857142857143,0.2953156986850779,0.6418731089177414
Dimir Faeries,Rakdos Madness,16.0,28,0.5714285714285714,0.39070785495839777,0.7349145298359636
Dimir Faeries,Jund Midrange,15.0,27,0.5555555555555556,0.373130243822858,0.724141419348023
Dimir Faeries,Dimir Terror,11.0,25,0.44,0.26665638767770883,0.629326682653538
Dimir Faeries,Azorius Familiars,8.0,19,0.42105263157894735,0.23141891166171535,0.637240966168742
Dimir Faeries,Jeskai Ephemerate,10.0,18,0.5555555555555556,0.3371641549342691,0.7544048199620327
Dimir Faeries,Mono Blue Faeries,11.0,18,0.6111111111111112,0.38619041442114627,0.7969475353714572
Dimir Faeries,Spy Combo,4.0,17,0.23529411764705882,0.09555044255436917,0.4726179831177426
Dimir Faeries,Turbo Fog,9.0,15,0.6,0.35746829954344506,0.8017550397372577
Dimir Faeries,Gruul Ponza,4.0,13,0.3076923076923077,0.12680703567070326,0.5763065701492199
Dimir Faeries,Mono Black Sacrifice,8.0,13,0.6153846153846154,0.3552289133643685,0.8229029231436777
Dimir Faeries,Golgari Garden,9.0,12,0.75,0.4676946629183366,0.9110583323051143
Dimir Faeries,Tireless Tribe,8.0,12,0.6666666666666666,0.3906220869404939,0.86187990987514
Dimir Faeries,Golgari Midrange,7.0,11,0.6363636363636364,0.35380117262012434,0.8483352901086686
Dimir Faeries,Gruul Ramp,2.0,9,0.2222222222222222,0.06322510654056959,0.5474110333077882
Dimir Faeries,Aura Bogles,5.0,8,0.625,0.30574239265377096,0.8631557152608771
Dimir Faeries,Orzhov Midrange,5.0,8,0.625,0.30574239265377096,0.8631557152608771
Dimir Faeries,Ephemerate Tron,2.0,6,0.3333333333333333,0.09677141021353453,0.7000066870052566
Dimir Faeries,Izzet Terror,3.0,6,0.5,0.18761630498040816,0.8123836950195918
Dimir Faeries,Altar Tron,2.0,5,0.4,0.11762077314099711,0.7692757205908813
Dimir Faeries,Burn,5.0,5,1.0,0.5655175313406071,1.0
Dimir Faeries,Gruul Garden,3.0,5,0.6,0.23072427940911855,0.8823792268590028
Dimir Faeries,Mono White Heroic,3.0,5,0.6,0.23072427940911855,0.8823792268590028
Dimir Faeries,Ruby Storm,4.0,5,0.8,0.375534627029995,0.9637758917743693
Dimir Faeries,Cycle Storm,2.0,4,0.5,0.15003898774401986,0.8499610122559802
Dimir Faeries,Jund Graveyard,2.0,4,0.5,0.15003898774401986,0.8499610122559802
Dimir Faeries,Mardu Synthesizer,3.0,4,0.75,0.3006418400969081,0.954412739704631
Dimir Faeries,Mono Red Burn,0.0,4,0.0,0.0,0.4898908403969213
Dimir Faeries,Simic Control,1.0,4,0.25,0.04558726029536886,0.6993581599030918
Dimir Faeries,Caw Gates,0.0,3,0.0,0.0,0.5614970356393196
Dimir Faeries,Jund Garden,1.0,3,0.3333333333333333,0.06149194402093078,0.7923404011921757
Dimir Faeries,Boros Synthesizer,1.0,2,0.5,0.09453120463920084,0.9054687953607992
Dimir Faeries,Dimir Ephemerate,2.0,2,1.0,0.3423802239546494,1.0
Dimir Faeries,Izzet Affinity,0.0,2,0.0,0.0,0.6576197760453506
Dimir Faeries,Mardu Midrange,1.0,2,0.5,0.09453120463920084,0.9054687953607992
Dimir Faeries,Mono Black Midrange,0.0,2,0.0,0.0,0.6576197760453506
Dimir Faeries,Rakdos Midrange,0.0,2,0.0,0.0,0.6576197760453506
Dimir Faeries,Serpentine Curve,1.0,2,0.5,0.09453120463920084,0.9054687953607992
Dimir Faeries,Sultai Control,1.0,2,0.5,0.09453120463920084,0.9054687953607992
Dimir Faeries,Sultai Proliferate Poison,2.0,2,1.0,0.3423802239546494,1.0
Dimir Faeries,Walls Combo,2.0,2,1.0,0.3423802239546494,1.0
Dimir Faeries,Abzan Garden,1.0,1,1.0,0.2065493117918027,1.0
Dimir Faeries,Boros Heroic,1.0,1,1.0,0.2065493117918027,1.0
Dimir Faeries,Boros Midrange,0.0,1,0.0,0.0,0.7934506882081973
Dimir Faeries,Esper Affinity,1.0,1,1.0,0.2065493117918027,1.0
Dimir Faeries,Esper Familiars,0.0,1,0.0,0.0,0.7934506882081973
Dimir Faeries,Golgari Linfelink,0.0,1,0.0,0.0,0.7934506882081973
Dimir Faeries,Grixis Terror,1.0,1,1.0,0.2065493117918027,1.0
Dimir Faeries,Infect,1.0,1,1.0,0.2065493117918027,1.0
Dimir Faeries,Jeskai Faeries,1.0,1,1.0,0.2065493117918027,1.0
Dimir Faeries,Mono B Devotion,1.0,1,1.0,0.2065493117918027,1.0
Dimir Faeries,Mono Green Linfelink,1.0,1,1.0,0.2065493117918027,1.0
Dimir Faeries,Mono Red Graveyard,1.0,1,1.0,0.2065493117918027,1.0
Dimir Faeries,Mono White Midrange,0.0,1,0.0,0.0,0.7934506882081973
Dimir Faeries,Rakdos Affinity,0.0,1,0.0,0.0,0.7934506882081973
Dimir Faeries,Simic Bogles,0.0,1,0.0,0.0,0.7934506882081973
Dimir Faeries,Simic Faeries,1.0,1,1.0,0.2065493117918027,1.0
Dimir Faeries,Simic Graveyard,1.0,1,1.0,0.2065493117918027,1.0
Dimir Faeries,Slivers,1.0,1,1.0,0.2065493117918027,1.0
Dimir Faeries,Walls Cascade,1.0,1,1.0,0.2065493117918027,1.0
Dimir Midrange,Red Madness,3.0,6,0.5,0.18761630498040816,0.8123836950195918
Dimir Midrange,Elves,1.0,4,0.25,0.04558726029536886,0.6993581599030918
Dimir Midrange,Grixis Affinity,2.0,3,0.6666666666666666,0.2076595988078242,0.9385080559790691
Dimir Midrange,Mono Blue Terror,1.0,3,0.3333333333333333,0.06149194402093078,0.7923404011921757
Dimir Midrange,Rakdos Madness,2.0,3,0.6666666666666666,0.2076595988078242,0.9385080559790691
Dimir Midrange,Red Rally,0.0,3,0.0,0.0,0.5614970356393196
Dimir Midrange,White Aggro,3.0,3,1.0,0.43850296436068037,1.0
Dimir Midrange,Ephemerate Tron,1.0,2,0.5,0.09453120463920084,0.9054687953607992
Dimir Midrange,Jund Midrange,0.0,2,0.0,0.0,0.6576197760453506
Dimir Midrange,Altar Tron,1.0,1,1.0,0.2065493117918027,1.0
Dimir Midrange,Azorius Familiars,1.0,1,1.0,0.2065493117918027,1.0
Dimir Midrange,Boros Bully,0.0,1,0.0,0.0,0.7934506882081973
Dimir Midrange,Dimir Terror,1.0,1,1.0,0.2065493117918027,1.0
Dimir Midrange,Esper Midrange,1.0,1,1.0,0.2065493117918027,1.0
Dimir Midrange,Gates,0.0,1,0.0,0.0,0.7934506882081973
Dimir Midrange,Golgari Garden,0.0,1,0.0,0.0,0.7934506882081973
Dimir Midrange,Gruul Ponza,0.0,1,0.0,0.0,0.7934506882081973
Dimir Midrange,Gruul Ramp,1.0,1,1.0,0.2065493117918027,1.0
Dimir Midrange,Infect,0.0,1,0.0,0.0,0.7934506882081973
Dimir Midrange,Izzet Terror,1.0,1,1.0,0.2065493117918027,1.0
Dimir Midrange,Jeskai Ephemerate,0.0,1,0.0,0.0,0.7934506882081973
Dimir Midrange,Jund Garden,1.0,1,1.0,0.2065493117918027,1.0
Dimir Midrange,Mono Black Midrange,1.0,1,1.0,0.2065493117918027,1.0
Dimir Midrange,Mono Black Sacrifice,0.0,1,0.0,0.0,0.7934506882081973
Dimir Midrange,Mono Blue Faeries,0.0,1,0.0,0.0,0.7934506882081973
Dimir Midrange,Mono White Heroic,1.0,1,1.0,0.2065493117918027,1.0
Dimir Midrange,Orzhov Midrange,1.0,1,1.0,0.2065493117918027,1.0
Dimir Midrange,Ruby Storm,1.0,1,1.0,0.2065493117918027,1.0
Dimir Midrange,Tireless Tribe,0.0,1,0.0,0.0,0.7934506882081973
Dimir Midrange,UBRG Proliferate Poison,1.0,1,1.0,0.2065493117918027,1.0
Dimir Terror,Red Madness,21.0,45,0.4666666666666667,0.32935131967087283,0.6092254536541993
Dimir Terror,Grixis Affinity,20.0,43,0.46511627906976744,0.3251105760477386,0.6108435963532
Dimir Terror,Gates,10.0,34,0.29411764705882354,0.16834630593988026,0.4616890993039748
Dimir Terror,Jund Midrange,14.0,33,0.42424242424242425,0.27235596531401507,0.5919273678702078
Dimir Terror,Mono Blue Terror,16.0,31,0.5161290322580645,0.34840395329054696,0.6802974855156458
Dimir Terror,Elves,16.0,28,0.5714285714285714,0.39070785495839777,0.7349145298359636
Dimir Terror,Dimir Faeries,14.0,25,0.56,0.37067331734646203,0.7333436123222912
Dimir Terror,White Aggro,7.5,23,0.32608695652173914,0.17189584271031197,0.5300577643801484
Dimir Terror,Ephemerate Tron,6.0,20,0.3,0.14547724402157294,0.518972820052479
Dimir Terror,Red Rally,8.0,18,0.4444444444444444,0.24559518003796732,0.6628358450657309
Dimir Terror,Rakdos Madness,10.0,17,0.5882352941176471,0.3600544248492146,0.7838894332600814
Dimir Terror,Spy Combo,8.0,17,0.47058823529411764,0.2616510631137911,0.6903676508497769
Dimir Terror,Tron,4.0,14,0.2857142857142857,0.11721378562701742,0.5464908452599742
Dimir Terror,Golgari Garden,8.0,12,0.6666666666666666,0.3906220869404939,0.86187990987514
Dimir Terror,Gruul Ponza,8.0,12,0.6666666666666666,0.3906220869404939,0.86187990987514
Dimir Terror,Jeskai Ephemerate,7.0,12,0.5833333333333334,0.31951131084242423,0.8067396875653928
Dimir Terror,Mono Blue Faeries,3.0,12,0.25,0.08894166769488562,0.5323053370816633
Dimir Terror,Azorius Familiars,8.0,11,0.7272727272727273,0.4343546966810743,0.9025394078669138
Dimir Terror,Ruby Storm,6.0,11,0.5454545454545454,0.2800915357859759,0.7872872851236217
Dimir Terror,Gruul Ramp,6.0,10,0.6,0.3126737679211953,0.831819671473593
Dimir Terror,Altar Tron,2.0,9,0.2222222222222222,0.06322510654056959,0.5474110333077882
Dimir Terror,Tireless Tribe,5.0,8,0.625,0.30574239265377096,0.8631557152608771
Dimir Terror,Turbo Fog,2.0,8,0.25,0.07147921209795555,0.5907245720727483
Dimir Terror,Aura Bogles,6.0,7,0.8571428571428571,0.486872167860775,0.9743203759421759
Dimir Terror,Mono White Heroic,7.0,7,1.0,0.6456695613241317,1.0
Dimir Terror,Golgari Midrange,3.0,6,0.5,0.18761630498040816,0.8123836950195918
Dimir Terror,Mono Black Sacrifice,2.0,5,0.4,0.11762077314099711,0.7692757205908813
Dimir Terror,Walls Combo,4.0,5,0.8,0.375534627029995,0.9637758917743693
Dimir Terror,Jund Graveyard,2.0,4,0.5,0.15003898774401986,0.8499610122559802
Dimir Terror,Mono Red Burn,1.0,4,0.25,0.04558726029536886,0.6993581599030918
Dimir Terror,Slivers,2.0,4,0.5,0.15003898774401986,0.8499610122559802
Dimir Terror,Caw Gates,2.0,3,0.6666666666666666,0.2076595988078242,0.9385080559790691
Dimir Terror,Izzet Control,3.0,3,1.0,0.43850296436068037,1.0
Dimir Terror,Mardu Synthesizer,2.0,3,0.6666666666666666,0.2076595988078242,0.9385080559790691
Dimir Terror,Mono White Midrange,3.0,3,1.0,0.43850296436068037,1.0
Dimir Terror,Burn,2.0,2,1.0,0.3423802239546494,1.0
Dimir Terror,Dimir Affinity,0.0,2,0.0,0.0,0.6576197760453506
Dimir Terror,Golgari Ramp,2.0,2,1.0,0.3423802239546494,1.0
Dimir Terror,Gruul Garden,1.0,2,0.5,0.09453120463920084,0.9054687953607992
Dimir Terror,Izzet Terror,1.0,2,0.5,0.09453120463920084,0.9054687953607992
Dimir Terror,Mono White Ephemerate,2.0,2,1.0,0.3423802239546494,1.0
Dimir Terror,Temur Garden,1.0,2,0.5,0.09453120463920084,0.9054687953607992
Dimir Terror,Abzan Garden,0.0,1,0.0,0.0,0.7934506882081973
Dimir Terror,Boros Bully,1.0,1,1.0,0.2065493117918027,1.0
Dimir Terror,Boros Heroic,1.0,1,1.0,0.2065493117918027,1.0
Dimir Terror,Boros Midrange,0.0,1,0.0,0.0,0.7934506882081973
Dimir Terror,Dimir Ephemerate,0.0,1,0.0,0.0,0.7934506882081973
Dimir Terror,Dimir Midrange,0.0,1,0.0,0.0,0.7934506882081973
Dimir Terror,Esper Affinity,0.0,1,0.0,0.0,0.7934506882081973
Dimir Terror,Esper Familiars,1.0,1,1.0,0.2065493117918027,1.0
Dimir Terror,Golgari Linfelink,1.0,1,1.0,0.2065493117918027,1.0
Dimir Terror,Infect,0.0,1,0.0,0.0,0.7934506882081973
Dimir Terror,Izzet Affinity,1.0,1,1.0,0.2065493117918027,1.0
Dimir Terror,Mardu Affinity,0.0,1,0.0,0.0,0.7934506882081973
Dimir Terror,Mono B Devotion,1.0,1,1.0,0.2065493117918027,1.0
Dimir Terror,Mono Green Garden,1.0,1,1.0,0.2065493117918027,1.0
Dimir Terror,Mono Red Synthesizer,0.0,1,0.0,0.0,0.7934506882081973
Dimir Terror,Naya Ramp,1.0,1,1.0,0.2065493117918027,1.0
Dimir Terror,Orzhov Midrange,0.0,1,0.0,0.0,0.7934506882081973
Dimir Terror,Simic Graveyard,1.0,1,1.0,0.2065493117918027,1.0
Dimir Terror,Simic Ramp,1.0,1,1.0,0.2065493117918027,1.0
Dimir Terror,Simic Slime,1.0,1,1.0,0.2065493117918027,1.0
Dimir Terror,Sultai Proliferate Poison,0.0,1,0.0,0.0,0.7934506882081973
Dimir Terror,Temur Control,1.0,1,1.0,0.2065493117918027,1.0
Dimir Terror,Temur Ramp,0.0,1,0.0,0.0,0.7934506882081973
Dimir Terror,Tortex,0.0,1,0.0,0.0,0.7934506882081973
Dimir Terror,UBRG Proliferate Poison,0.0,1,0.0,0.0,0.7934506882081973
Dimir Terror,WURG Ephemerate,0.0,1,0.0,0.0,0.7934506882081973
Elves,Grixis Affinity,43.0,76,0.5657894736842105,0.4538575298187162,0.6713906825776461
Elves,Red Madness,19.0,60,0.31666666666666665,0.21305867482950364,0.4423376712830463
Elves,Jund Midrange,30.0,52,0.5769230769230769,0.441943252707115,0.7013194800414304
Elves,Mono Blue Terror,24.0,44,0.5454545454545454,0.4006618309120573,0.6829476595494435
Elves,Gates,18.0,42,0.42857142857142855,0.2911765108103758,0.5779376023434686
Elves,White Aggro,26.0,42,0.6190476190476191,0.4681404015037396,0.750002743239853
Elves,Red Rally,20.0,40,0.5,0.35199526826950456,0.6480047317304954
Elves,Dimir Faeries,17.0,30,0.5666666666666667,0.39197306873128,0.7262251453005263
Elves,Spy Combo,14.0,29,0.4827586206896552,0.3138609003643046,0.6556897823987706
Elves,Dimir Terror,12.0,28,0.42857142857142855,0.2650854701640365,0.6092921450416022
Elves,Mono Blue Faeries,17.0,24,0.7083333333333334,0.5083230617667995,0.8508535188368138
Elves,Tron,17.0,23,0.7391304347826086,0.5352999499700668,0.8745138402805501
Elves,Azorius Familiars,10.0,20,0.5,0.2992980068701797,0.7007019931298203
Elves,Aura Bogles,13.0,19,0.6842105263157895,0.46010407504696654,0.8463562100152995
Elves,Jeskai Ephemerate,6.0,19,0.3157894736842105,0.15364378998470052,0.5398959249530334
Elves,Rakdos Madness,9.0,19,0.47368421052631576,0.27329805032541393,0.6829219089514051
Elves,Ruby Storm,4.0,17,0.23529411764705882,0.09555044255436917,0.4726179831177426
Elves,Tireless Tribe,4.0,14,0.2857142857142857,0.11721378562701742,0.5464908452599742
Elves,Altar Tron,8.0,13,0.6153846153846154,0.3552289133643685,0.8229029231436777
Elves,Ephemerate Tron,8.0,12,0.6666666666666666,0.3906220869404939,0.86187990987514
Elves,Golgari Garden,4.0,11,0.36363636363636365,0.15166470989133157,0.6461988273798758
Elves,Golgari Midrange,10.0,11,0.9090909090909091,0.6226415608917041,0.9837678272946745
Elves,Gruul Ramp,6.0,11,0.5454545454545454,0.2800915357859759,0.7872872851236217
Elves,Turbo Fog,4.0,11,0.36363636363636365,0.15166470989133157,0.6461988273798758
Elves,Gruul Ponza,7.0,10,0.7,0.3967781453459709,0.892208733443606
Elves,Mono Black Sacrifice,5.0,9,0.5555555555555556,0.26665129180087416,0.8112214802294544
Elves,Caw Gates,5.0,8,0.625,0.30574239265377096,0.8631557152608771
Elves,Burn,3.0,7,0.42857142857142855,0.15821985399244537,0.7495416372469643
Elves,Orzhov Midrange,4.0,6,0.6666666666666666,0.29999331299474324,0.9032285897864654
Elves,Simic Control,3.0,5,0.6,0.23072427940911855,0.8823792268590028
Elves,Dimir Midrange,3.0,4,0.75,0.3006418400969081,0.954412739704631
Elves,Jund Graveyard,2.0,4,0.5,0.15003898774401986,0.8499610122559802
Elves,Mardu Synthesizer,2.0,4,0.5,0.15003898774401986,0.8499610122559802
Elves,Slivers,3.0,4,0.75,0.3006418400969081,0.954412739704631
Elves,Walls Combo,1.0,4,0.25,0.04558726029536886,0.6993581599030918
Elves,Dimir Affinity,3.0,3,1.0,0.43850296436068037,1.0
Elves,Dimir Ephemerate,1.0,3,0.3333333333333333,0.06149194402093078,0.7923404011921757
Elves,Mono White Heroic,2.0,3,0.6666666666666666,0.2076595988078242,0.9385080559790691
Elves,Azorius Midrange,2.0,2,1.0,0.3423802239546494,1.0
Elves,Boros Synthesizer,1.0,2,0.5,0.09453120463920084,0.9054687953607992
Elves,Cycle Storm,1.0,2,0.5,0.09453120463920084,0.9054687953607992
Elves,Esper Familiars,2.0,2,1.0,0.3423802239546494,1.0
Elves,Golgari Ramp,1.0,2,0.5,0.09453120463920084,0.9054687953607992
Elves,Grixis Terror,1.0,2,0.5,0.09453120463920084,0.9054687953607992
Elves,Mono Black Midrange,1.0,2,0.5,0.09453120463920084,0.9054687953607992
Elves,Mono Red Burn,1.0,2,0.5,0.09453120463920084,0.9054687953607992
Elves,Mono White Midrange,0.0,2,0.0,0.0,0.6576197760453506
Elves,Rakdos Affinity,0.0,2,0.0,0.0,0.6576197760453506
Elves,Simic Graveyard,1.0,2,0.5,0.09453120463920084,0.9054687953607992
Elves,Sultai Proliferate Poison,1.0,2,0.5,0.09453120463920084,0.9054687953607992
Elves,Walls Cascade,1.0,2,0.5,0.09453120463920084,0.9054687953607992
Elves,Abzan Garden,1.0,1,1.0,0.2065493117918027,1.0
Elves,Bant Familiars,1.0,1,1.0,0.2065493117918027,1.0
Elves,Boros Burn,0.0,1,0.0,0.0,0.7934506882081973
Elves,Esper Affinity,1.0,1,1.0,0.2065493117918027,1.0
Elves,Esper Control,1.0,1,1.0,0.2065493117918027,1.0
Elves,Esper Ephemerate,1.0,1,1.0,0.2065493117918027,1.0
Elves,Esper Midrange,1.0,1,1.0,0.2065493117918027,1.0
Elves,Golgari Linfelink,1.0,1,1.0,0.2065493117918027,1.0
Elves,Grixis Midrange,1.0,1,1.0,0.2065493117918027,1.0
Elves,Gruul Garden,0.0,1,0.0,0.0,0.7934506882081973
Elves,Infect,0.0,1,0.0,0.0,0.7934506882081973
Elves,Izzet Affinity,1.0,1,1.0,0.2065493117918027,1.0
Elves,Izzet Control,0.0,1,0.0,0.0,0.7934506882081973
Elves,Izzet Terror,1.0,1,1.0,0.2065493117918027,1.0
Elves,Jund Garden,1.0,1,1.0,0.2065493117918027,1.0
Elves,Jund Pestilence,0.0,1,0.0,0.0,0.7934506882081973
Elves,Mardu Midrange,1.0,1,1.0,0.2065493117918027,1.0
Elves,Mono Red Kiln Fiend,0.0,1,0.0,0.0,0.7934506882081973
Elves,Rakdos Goblins,1.0,1,1.0,0.2065493117918027,1.0
Elves,Reanimator,1.0,1,1.0,0.2065493117918027,1.0
Elves,Selesnya Ramp,0.0,1,0.0,0.0,0.7934506882081973
Elves,Simic Bogles,1.0,1,1.0,0.2065493117918027,1.0
Elves,Simic Slime,0.0,1,0.0,0.0,0.7934506882081973
Elves,Temur Control,1.0,1,1.0,0.2065493117918027,1.0
Elves,Temur Garden,1.0,1,1.0,0.2065493117918027,1.0
Elves,UBRG Proliferate Poison,1.0,1,1.0,0.2065493117918027,1.0
Elves,WBRG Midrange,0.0,1,0.0,0.0,0.7934506882081973
Ephemerate Tron,Red Madness,14.0,36,0.3888888888888889,0.24784872971943556,0.5513554102736486
Ephemerate Tron,Mono Blue Terror,11.0,27,0.4074074074074074,0.24514756969784102,0.592732991684024
Ephemerate Tron,Grixis Affinity,13.5,22,0.6136363636363636,0.4082511501602524,0.7852363778840328
Ephemerate Tron,Dimir Terror,14.0,20,0.7,0.4810271799475211,0.8545227559784271
Ephemerate Tron,Tron,12.0,20,0.6,0.3865814992347542,0.7811934687282198
Ephemerate Tron,Red Rally,5.0,19,0.2631578947368421,0.1180641227208778,0.4879155107704944
Ephemerate Tron,Gates,11.0,15,0.7333333333333333,0.48049565748447975,0.8910254675038264
Ephemerate Tron,Golgari Garden,9.5,15,0.6333333333333333,0.38686545152872254,0.8254323341788808
Ephemerate Tron,Spy Combo,4.0,13,0.3076923076923077,0.12680703567070326,0.5763065701492199
Ephemerate Tron,Elves,4.0,12,0.3333333333333333,0.13812009012485987,0.6093779130595061
Ephemerate Tron,Mono Blue Faeries,2.5,12,0.20833333333333334,0.06693569632913177,0.49118580924350863
Ephemerate Tron,White Aggro,9.0,12,0.75,0.4676946629183366,0.9110583323051143
Ephemerate Tron,Mono Black Sacrifice,2.0,10,0.2,0.05668215093776685,0.5098375308778678
Ephemerate Tron,Rakdos Madness,7.0,10,0.7,0.3967781453459709,0.892208733443606
Ephemerate Tron,Tireless Tribe,2.0,9,0.2222222222222222,0.06322510654056959,0.5474110333077882
Ephemerate Tron,Altar Tron,5.0,8,0.625,0.30574239265377096,0.8631557152608771
Ephemerate Tron,Jund Midrange,1.0,8,0.125,0.022417491199971912,0.47088818505608376
Ephemerate Tron,Ruby Storm,2.0,8,0.25,0.07147921209795555,0.5907245720727483
Ephemerate Tron,Turbo Fog,4.0,8,0.5,0.21521606069626764,0.7847839393037324
Ephemerate Tron,Gruul Ponza,2.0,7,0.2857142857142857,0.08221892324928332,0.6410655504689458
Ephemerate Tron,Dimir Faeries,4.0,6,0.6666666666666666,0.29999331299474324,0.9032285897864654
Ephemerate Tron,Azorius Familiars,1.0,5,0.2,0.03622410822563066,0.6244653729700049
Ephemerate Tron,Infect,1.0,5,0.2,0.03622410822563066,0.6244653729700049
Ephemerate Tron,Izzet Terror,3.0,5,0.6,0.23072427940911855,0.8823792268590028
Ephemerate Tron,Jeskai Ephemerate,2.0,5,0.4,0.11762077314099711,0.7692757205908813
Ephemerate Tron,Gruul Ramp,2.0,3,0.6666666666666666,0.2076595988078242,0.9385080559790691
Ephemerate Tron,Orzhov Midrange,3.0,3,1.0,0.43850296436068037,1.0
Ephemerate Tron,Caw Gates,2.0,2,1.0,0.3423802239546494,1.0
Ephemerate Tron,Dimir Midrange,1.0,2,0.5,0.09453120463920084,0.9054687953607992
Ephemerate Tron,Rakdos Affinity,2.0,2,1.0,0.3423802239546494,1.0
Ephemerate Tron,Slivers,2.0,2,1.0,0.3423802239546494,1.0
Ephemerate Tron,UBRG Ephemerate,1.0,2,0.5,0.09453120463920084,0.9054687953607992
Ephemerate Tron,Abzan Garden,0.0,1,0.0,0.0,0.7934506882081973
Ephemerate Tron,Burn,1.0,1,1.0,0.2065493117918027,1.0
Ephemerate Tron,Esper Affinity,0.0,1,0.0,0.0,0.7934506882081973
Ephemerate Tron,Esper Control,1.0,1,1.0,0.2065493117918027,1.0
Ephemerate Tron,Golgari Ramp,1.0,1,1.0,0.2065493117918027,1.0
Ephemerate Tron,Grixis Midrange,0.0,1,0.0,0.0,0.7934506882081973
Ephemerate Tron,Izzet Control,1.0,1,1.0,0.2065493117918027,1.0
Ephemerate Tron,Jund Garden,1.0,1,1.0,0.2065493117918027,1.0
Ephemerate Tron,Jund Graveyard,1.0,1,1.0,0.2065493117918027,1.0
Ephemerate Tron,Mardu Affinity,0.0,1,0.0,0.0,0.7934506882081973
Ephemerate Tron,Mardu Synthesizer,0.0,1,0.0,0.0,0.7934506882081973
Ephemerate Tron,Mono Red Burn,0.0,1,0.0,0.0,0.7934506882081973
Ephemerate Tron,Rakdos Graveyard,1.0,1,1.0,0.2065493117918027,1.0
Ephemerate Tron,Reanimator,1.0,1,1.0,0.2065493117918027,1.0
Ephemerate Tron,Simic Faeries,0.0,1,0.0,0.0,0.7934506882081973
Ephemerate Tron,Simic Ramp,1.0,1,1.0,0.2065493117918027,1.0
Ephemerate Tron,Sultai Proliferate Poison,0.0,1,0.0,0.0,0.7934506882081973
Ephemerate Tron,UBRG Proliferate Poison,0.0,1,0.0,0.0,0.7934506882081973
Ephemerate Tron,Walls Combo,1.0,1,1.0,0.2065493117918027,1.0
Esper Affinity,Tron,4.0,6,0.6666666666666666,0.29999331299474324,0.9032285897864654
Esper Affinity,Rakdos Madness,0.0,4,0.0,0.0,0.4898908403969213
Esper Affinity,Red Madness,2.0,4,0.5,0.15003898774401986,0.8499610122559802
Esper Affinity,White Aggro,1.0,4,0.25,0.04558726029536886,0.6993581599030918
Esper Affinity,Aura Bogles,1.0,3,0.3333333333333333,0.06149194402093078,0.7923404011921757
Esper Affinity,Golgari Midrange,1.0,2,0.5,0.09453120463920084,0.9054687953607992
Esper Affinity,Mono Blue Faeries,1.0,2,0.5,0.09453120463920084,0.9054687953607992
Esper Affinity,Orzhov Midrange,2.0,2,1.0,0.3423802239546494,1.0
Esper Affinity,WUBR Affinity,2.0,2,1.0,0.3423802239546494,1.0
Esper Affinity,Altar Tron,1.0,1,1.0,0.2065493117918027,1.0
Esper Affinity,Azorius Midrange,1.0,1,1.0,0.2065493117918027,1.0
Esper Affinity,Dimir Faeries,0.0,1,0.0,0.0,0.7934506882081973
Esper Affinity,Dimir Terror,1.0,1,1.0,0.2065493117918027,1.0
Esper Affinity,Elves,0.0,1,0.0,0.0,0.7934506882081973
Esper Affinity,Ephemerate Tron,1.0,1,1.0,0.2065493117918027,1.0
Esper Affinity,Gates,0.0,1,0.0,0.0,0.7934506882081973
Esper Affinity,Golgari Garden,0.0,1,0.0,0.0,0.7934506882081973
Esper Affinity,Grixis Affinity,0.0,1,0.0,0.0,0.7934506882081973
Esper Affinity,Gruul Ponza,1.0,1,1.0,0.2065493117918027,1.0
Esper Affinity,Jeskai Ephemerate,1.0,1,1.0,0.2065493117918027,1.0
Esper Affinity,Jund Garden,0.0,1,0.0,0.0,0.7934506882081973
Esper Affinity,Jund Midrange,0.0,1,0.0,0.0,0.7934506882081973
Esper Affinity,Mono Blue Terror,1.0,1,1.0,0.2065493117918027,1.0
Esper Affinity,Mono Red Graveyard,1.0,1,1.0,0.2065493117918027,1.0
Esper Affinity,Mono Red Synthesizer,1.0,1,1.0,0.2065493117918027,1.0
Esper Affinity,Red Rally,0.0,1,0.0,0.0,0.7934506882081973
Esper Affinity,Simic Faeries,1.0,1,1.0,0.2065493117918027,1.0
Esper Affinity,Sultai Faeries,0.0,1,0.0,0.0,0.7934506882081973
Esper Affinity,Temur Garden,1.0,1,1.0,0.2065493117918027,1.0
Esper Control,Abzan Garden,1.0,1,1.0,0.2065493117918027,1.0
Esper Control,Elves,0.0,1,0.0,0.0,0.7934506882081973
Esper Control,Ephemerate Tron,0.0,1,0.0,0.0,0.7934506882081973
Esper Control,Jund Midrange,0.0,1,0.0,0.0,0.7934506882081973
Esper Control,Mono White Heroic,0.0,1,0.0,0.0,0.7934506882081973
Esper Control,Turbo Fog,1.0,1,1.0,0.2065493117918027,1.0
Esper Ephemerate,Elves,0.0,1,0.0,0.0,0.7934506882081973
Esper Ephemerate,Gruul Ponza,0.0,1,0.0,0.0,0.7934506882081973
Esper Ephemerate,Infect,0.0,1,0.0,0.0,0.7934506882081973
Esper Ephemerate,Jund Midrange,1.0,1,1.0,0.2065493117918027,1.0
Esper Ephemerate,Rakdos Madness,1.0,1,1.0,0.2065493117918027,1.0
Esper Ephemerate,Spy Combo,0.0,1,0.0,0.0,0.7934506882081973
Esper Ephemerate,WUBR Affinity,0.0,1,0.0,0.0,0.7934506882081973
Esper Familiars,Jund Midrange,1.0,3,0.3333333333333333,0.06149194402093078,0.7923404011921757
Esper Familiars,Altar Tron,1.0,2,0.5,0.09453120463920084,0.9054687953607992
Esper Familiars,Azorius Familiars,1.0,2,0.5,0.09453120463920084,0.9054687953607992
Esper Familiars,Elves,0.0,2,0.0,0.0,0.6576197760453506
Esper Familiars,Gruul Ramp,1.0,2,0.5,0.09453120463920084,0.9054687953607992
Esper Familiars,Mono Red Burn,1.0,2,0.5,0.09453120463920084,0.9054687953607992
Esper Familiars,Rakdos Madness,1.0,2,0.5,0.09453120463920084,0.9054687953607992
Esper Familiars,Red Rally,2.0,2,1.0,0.3423802239546494,1.0
Esper Familiars,Tron,2.0,2,1.0,0.3423802239546494,1.0
Esper Familiars,Dimir Faeries,1.0,1,1.0,0.2065493117918027,1.0
Esper Familiars,Dimir Terror,0.0,1,0.0,0.0,0.7934506882081973
Esper Familiars,Golgari Garden,1.0,1,1.0,0.2065493117918027,1.0
Esper Familiars,Grixis Affinity,0.0,1,0.0,0.0,0.7934506882081973
Esper Familiars,Gruul Ponza,0.0,1,0.0,0.0,0.7934506882081973
Esper Familiars,Izzet Terror,0.0,1,0.0,0.0,0.7934506882081973
Esper Familiars,Mono Black Sacrifice,0.0,1,0.0,0.0,0.7934506882081973
Esper Familiars,Mono Blue Control,1.0,1,1.0,0.2065493117918027,1.0
Esper Familiars,Red Madness,1.0,1,1.0,0.2065493117918027,1.0
Esper Familiars,Sultai Control,0.0,1,0.0,0.0,0.7934506882081973
Esper Familiars,UBRG Proliferate Poison,1.0,1,1.0,0.2065493117918027,1.0
Esper Familiars,Walls Combo,0.0,1,0.0,0.0,0.7934506882081973
Esper Midrange,Red Madness,3.0,4,0.75,0.3006418400969081,0.954412739704631
Esper Midrange,Aura Bogles,2.0,3,0.6666666666666666,0.2076595988078242,0.9385080559790691
Esper Midrange,Grixis Affinity,1.0,3,0.3333333333333333,0.06149194402093078,0.7923404011921757
Esper Midrange,Red Rally,2.0,3,0.6666666666666666,0.2076595988078242,0.9385080559790691
Esper Midrange,Jeskai Ephemerate,1.0,2,0.5,0.09453120463920084,0.9054687953607992
Esper Midrange,Jund Midrange,1.0,2,0.5,0.09453120463920084,0.9054687953607992
Esper Midrange,Azorius Familiars,1.0,1,1.0,0.2065493117918027,1.0
Esper Midrange,Dimir Ephemerate,0.0,1,0.0,0.0,0.7934506882081973
Esper Midrange,Dimir Midrange,0.0,1,0.0,0.0,0.7934506882081973
Esper Midrange,Elves,0.0,1,0.0,0.0,0.7934506882081973
Esper Midrange,Grixis Ephemerate,0.0,1,0.0,0.0,0.7934506882081973
Esper Midrange,Gruul Ramp,0.0,1,0.0,0.0,0.7934506882081973
Esper Midrange,Mono Blue Faeries,1.0,1,1.0,0.2065493117918027,1.0
Esper Midrange,Mono Blue Terror,0.0,1,0.0,0.0,0.7934506882081973
Esper Midrange,Mono Red Burn,0.0,1,0.0,0.0,0.7934506882081973
Esper Midrange,Mono White Heroic,1.0,1,1.0,0.2065493117918027,1.0
Esper Midrange,Rakdos Affinity,1.0,1,1.0,0.2065493117918027,1.0
Esper Midrange,Rakdos Madness,0.0,1,0.0,0.0,0.7934506882081973
Esper Midrange,Spy Combo,0.0,1,0.0,0.0,0.7934506882081973
Esper Midrange,Temur Control,0.0,1,0.0,0.0,0.7934506882081973
Esper Midrange,Tireless Tribe,0.0,1,0.0,0.0,0.7934506882081973
Esper Midrange,Tron,0.0,1,0.0,0.0,0.7934506882081973
Esper Midrange,Turbo Fog,0.0,1,0.0,0.0,0.7934506882081973
Gates,Red Madness,72.0,114,0.631578947368421,0.5400907414309329,0.7144885915542397
Gates,Grixis Affinity,62.0,101,0.6138613861386139,0.5164020131421063,0.7029768494321083
Gates,Jund Midrange,24.0,44,0.5454545454545454,0.4006618309120573,0.6829476595494435
Gates,Elves,24.0,42,0.5714285714285714,0.4220623976565314,0.7088234891896241
Gates,Mono Blue Terror,29.0,41,0.7073170731707317,0.5552053215279548,0.823908124468579
Gates,Spy Combo,16.0,39,0.41025641025641024,0.2707930990604528,0.5658137723489588
Gates,Red Rally,20.0,35,0.5714285714285714,0.4085741102297311,0.7201543192373643
Gates,Dimir Terror,24.0,34,0.7058823529411765,0.5383109006960254,0.8316536940601198
Gates,Dimir Faeries,15.0,28,0.5357142857142857,0.35812689108225854,0.704684301314922
Gates,Tron,8.0,28,0.2857142857142857,0.15253995979312637,0.47059288582378966
Gates,Rakdos Madness,20.0,27,0.7407407407407407,0.5532142853130517,0.8682962550940991
Gates,Mono Blue Faeries,11.0,24,0.4583333333333333,0.27891333613001446,0.6492513477492627
Gates,White Aggro,12.0,24,0.5,0.3142742569328851,0.6857257430671149
Gates,Jeskai Ephemerate,8.0,23,0.34782608695652173,0.18811275843801456,0.5510966477661382
Gates,Ruby Storm,9.0,22,0.4090909090909091,0.23255816086354597,0.6126518167010261
Gates,Golgari Midrange,8.0,18,0.4444444444444444,0.24559518003796732,0.6628358450657309
Gates,Tireless Tribe,9.0,18,0.5,0.2903102136885988,0.7096897863114012
Gates,Golgari Garden,12.0,17,0.7058823529411765,0.46866889751771845,0.8672001047373057
Gates,Orzhov Midrange,12.0,17,0.7058823529411765,0.46866889751771845,0.8672001047373057
Gates,Altar Tron,6.0,16,0.375,0.18481232451546453,0.6135895962338866
Gates,Azorius Familiars,3.0,15,0.2,0.0704754929173392,0.45185448924055305
Gates,Ephemerate Tron,4.0,15,0.26666666666666666,0.1089745324961737,0.5195043425155202
Gates,Gruul Ramp,6.0,15,0.4,0.19824496026274246,0.6425317004565552
Gates,Turbo Fog,3.0,14,0.21428571428571427,0.07571386653293533,0.4758923079830535
Gates,Aura Bogles,6.0,13,0.46153846153846156,0.23206067674961361,0.7085620444143711
Gates,Gruul Ponza,5.0,13,0.38461538461538464,0.17709707685632237,0.6447710866356315
Gates,Burn,6.0,7,0.8571428571428571,0.486872167860775,0.9743203759421759
Gates,Cycle Storm,4.0,7,0.5714285714285714,0.25045836275303557,0.8417801460075546
Gates,Jund Graveyard,3.0,7,0.42857142857142855,0.15821985399244537,0.7495416372469643
Gates,Mono Black Sacrifice,5.0,7,0.7142857142857143,0.3589344495310541,0.9177810767507166
Gates,Mono Red Burn,4.0,7,0.5714285714285714,0.25045836275303557,0.8417801460075546
Gates,Izzet Terror,4.0,6,0.6666666666666666,0.29999331299474324,0.9032285897864654
Gates,Slivers,3.0,5,0.6,0.23072427940911855,0.8823792268590028
Gates,Caw Gates,1.0,4,0.25,0.04558726029536886,0.6993581599030918
Gates,Dimir Affinity,2.0,4,0.5,0.15003898774401986,0.8499610122559802
Gates,Gruul Garden,1.0,4,0.25,0.04558726029536886,0.6993581599030918
Gates,Jund Garden,2.0,4,0.5,0.15003898774401986,0.8499610122559802
Gates,Mardu Synthesizer,1.0,4,0.25,0.04558726029536886,0.6993581599030918
Gates,Mono White Heroic,4.0,4,1.0,0.5101091596030786,0.9999999999999999
Gates,Dimir Ephemerate,2.0,3,0.6666666666666666,0.2076595988078242,0.9385080559790691
Gates,Mono Red Graveyard,1.0,3,0.3333333333333333,0.06149194402093078,0.7923404011921757
Gates,Selesnya Linfelink,2.0,3,0.6666666666666666,0.2076595988078242,0.9385080559790691
Gates,Walls Combo,2.0,3,0.6666666666666666,0.2076595988078242,0.9385080559790691
Gates,Azorius Affinity,1.0,2,0.5,0.09453120463920084,0.9054687953607992
Gates,Black Burn,1.0,2,0.5,0.09453120463920084,0.9054687953607992
Gates,Boros Bully,1.0,2,0.5,0.09453120463920084,0.9054687953607992
Gates,Boros Burn,1.0,2,0.5,0.09453120463920084,0.9054687953607992
Gates,Izzet Control,2.0,2,1.0,0.3423802239546494,1.0
Gates,Mono Black Midrange,2.0,2,1.0,0.3423802239546494,1.0
Gates,Sultai Midrange,2.0,2,1.0,0.3423802239546494,1.0
Gates,Temur Garden,0.0,2,0.0,0.0,0.6576197760453506
Gates,Abzan Garden,0.0,1,0.0,0.0,0.7934506882081973
Gates,Azorius Faeries,1.0,1,1.0,0.2065493117918027,1.0
Gates,Boros Midrange,0.0,1,0.0,0.0,0.7934506882081973
Gates,Boros Synthesizer,1.0,1,1.0,0.2065493117918027,1.0
Gates,Dimir Midrange,1.0,1,1.0,0.2065493117918027,1.0
Gates,Esper Affinity,1.0,1,1.0,0.2065493117918027,1.0
Gates,Golgari Linfelink,1.0,1,1.0,0.2065493117918027,1.0
Gates,Golgari Ponza,0.0,1,0.0,0.0,0.7934506882081973
Gates,Infect,1.0,1,1.0,0.2065493117918027,1.0
Gates,Izzet Affinity,1.0,1,1.0,0.2065493117918027,1.0
Gates,Mono B Devotion,1.0,1,1.0,0.2065493117918027,1.0
Gates,Mono White Ephemerate,1.0,1,1.0,0.2065493117918027,1.0
Gates,Mono White Midrange,1.0,1,1.0,0.2065493117918027,1.0
Gates,Naya Ramp,0.0,1,0.0,0.0,0.7934506882081973
Gates,Rakdos Affinity,1.0,1,1.0,0.2065493117918027,1.0
Gates,Serpentine Curve,0.0,1,0.0,0.0,0.7934506882081973
Gates,Simic Control,1.0,1,1.0,0.2065493117918027,1.0
Gates,Simic Graveyard,0.0,1,0.0,0.0,0.7934506882081973
Gates,Sultai Garden,1.0,1,1.0,0.2065493117918027,1.0
Gates,Sultai Proliferate Poison,0.0,1,0.0,0.0,0.7934506882081973
Gates,Temur Control,0.0,1,0.0,0.0,0.7934506882081973
Gates,Temur Midrange,1.0,1,1.0,0.2065493117918027,1.0
Gates,UBRG Proliferate Poison,1.0,1,1.0,0.2065493117918027,1.0
Gates,WBRG Midrange,1.0,1,1.0,0.2065493117918027,1.0
Gates,Walls Cascade,0.0,1,0.0,0.0,0.7934506882081973
Golgari Garden,Red Madness,22.0,39,0.5641025641025641,0.4097569153355321,0.7069524622291739
Golgari Garden,Grixis Affinity,13.5,32,0.421875,0.26835105125662595,0.5921456987066054
Golgari Garden,Jund Midrange,15.0,26,0.5769230769230769,0.3894861361059128,0.7445555679512275
Golgari Garden,Tron,9.0,25,0.36,0.20247880678156654,0.554815023991343
Golgari Garden,Mono Blue Terror,14.0,23,0.6086956521739131,0.4078552224423677,0.7784237731260946
Golgari Garden,Rakdos Madness,12.5,23,0.5434782608695652,0.34871579722788854,0.7257958009994965
Golgari Garden,Red Rally,6.0,21,0.2857142857142857,0.1381386287176154,0.4995638088483033
Golgari Garden,Jeskai Ephemerate,8.0,19,0.42105263157894735,0.23141891166171535,0.637240966168742
Golgari Garden,White Aggro,14.0,19,0.7368421052631579,0.5120844892295056,0.8819358772791221
Golgari Garden,Mono Blue Faeries,11.0,18,0.6111111111111112,0.38619041442114627,0.7969475353714572
Golgari Garden,Gates,5.0,17,0.29411764705882354,0.1327998952626943,0.5313311024822815
Golgari Garden,Ephemerate Tron,5.5,15,0.36666666666666664,0.17456766582111918,0.6131345484712775
Golgari Garden,Gruul Ponza,3.0,13,0.23076923076923078,0.08179528654269594,0.5025637616051964
Golgari Garden,Spy Combo,9.0,13,0.6923076923076923,0.42369342985078007,0.8731929643292967
Golgari Garden,Dimir Faeries,3.0,12,0.25,0.08894166769488562,0.5323053370816633
Golgari Garden,Dimir Terror,4.0,12,0.3333333333333333,0.13812009012485987,0.6093779130595061
Golgari Garden,Elves,7.0,11,0.6363636363636364,0.35380117262012434,0.8483352901086686
Golgari Garden,Aura Bogles,5.0,9,0.5555555555555556,0.26665129180087416,0.8112214802294544
Golgari Garden,Azorius Familiars,3.0,8,0.375,0.13684428473912286,0.694257607346229
Golgari Garden,Altar Tron,2.0,7,0.2857142857142857,0.08221892324928332,0.6410655504689458
Golgari Garden,Tireless Tribe,4.0,7,0.5714285714285714,0.25045836275303557,0.8417801460075546
Golgari Garden,Turbo Fog,1.0,7,0.14285714285714285,0.025679624057823897,0.5131278321392249
Golgari Garden,Gruul Ramp,4.0,6,0.6666666666666666,0.29999331299474324,0.9032285897864654
Golgari Garden,Mono Black Sacrifice,3.0,5,0.6,0.23072427940911855,0.8823792268590028
Golgari Garden,Mono White Heroic,5.0,5,1.0,0.5655175313406071,1.0
Golgari Garden,Orzhov Midrange,1.0,5,0.2,0.03622410822563066,0.6244653729700049
Golgari Garden,Burn,1.0,4,0.25,0.04558726029536886,0.6993581599030918
Golgari Garden,Golgari Midrange,2.0,4,0.5,0.15003898774401986,0.8499610122559802
Golgari Garden,Ruby Storm,1.0,4,0.25,0.04558726029536886,0.6993581599030918
Golgari Garden,Slivers,4.0,4,1.0,0.5101091596030786,0.9999999999999999
Golgari Garden,Izzet Terror,2.0,3,0.6666666666666666,0.2076595988078242,0.9385080559790691
Golgari Garden,Simic Control,3.0,3,1.0,0.43850296436068037,1.0
Golgari Garden,Azorius Faeries,1.0,2,0.5,0.09453120463920084,0.9054687953607992
Golgari Garden,Dimir Ephemerate,1.0,2,0.5,0.09453120463920084,0.9054687953607992
Golgari Garden,Jund Graveyard,0.0,2,0.0,0.0,0.6576197760453506
Golgari Garden,Mono Red Burn,1.0,2,0.5,0.09453120463920084,0.9054687953607992
Golgari Garden,Reanimator,2.0,2,1.0,0.3423802239546494,1.0
Golgari Garden,Walls Cascade,0.0,2,0.0,0.0,0.6576197760453506
Golgari Garden,Walls Combo,2.0,2,1.0,0.3423802239546494,1.0
Golgari Garden,Abzan Garden,0.0,1,0.0,0.0,0.7934506882081973
Golgari Garden,Azorius Midrange,1.0,1,1.0,0.2065493117918027,1.0
Golgari Garden,Bant Ephemerate,1.0,1,1.0,0.2065493117918027,1.0
Golgari Garden,Boros Synthesizer,0.0,1,0.0,0.0,0.7934506882081973
Golgari Garden,Caw Gates,0.0,1,0.0,0.0,0.7934506882081973
Golgari Garden,Cycle Storm,1.0,1,1.0,0.2065493117918027,1.0
Golgari Garden,Dimir Affinity,1.0,1,1.0,0.2065493117918027,1.0
Golgari Garden,Dimir Midrange,1.0,1,1.0,0.2065493117918027,1.0
Golgari Garden,Esper Affinity,1.0,1,1.0,0.2065493117918027,1.0
Golgari Garden,Esper Familiars,0.0,1,0.0,0.0,0.7934506882081973
Golgari Garden,Grixis Ephemerate,0.0,1,0.0,0.0,0.7934506882081973
Golgari Garden,Izzet Affinity,1.0,1,1.0,0.2065493117918027,1.0
Golgari Garden,Izzet Control,0.0,1,0.0,0.0,0.7934506882081973
Golgari Garden,Mardu Ephemerate,1.0,1,1.0,0.2065493117918027,1.0
Golgari Garden,Mardu Synthesizer,1.0,1,1.0,0.2065493117918027,1.0
Golgari Garden,Mono B Devotion,1.0,1,1.0,0.2065493117918027,1.0
Golgari Garden,Mono Green Ramp,0.0,1,0.0,0.0,0.7934506882081973
Golgari Garden,Rakdos Goblins,0.0,1,0.0,0.0,0.7934506882081973
Golgari Garden,Simic Faeries,1.0,1,1.0,0.2065493117918027,1.0
Golgari Garden,Simic Graveyard,1.0,1,1.0,0.2065493117918027,1.0
Golgari Garden,WBRG Midrange,1.0,1,1.0,0.2065493117918027,1.0
Golgari Linfelink,Red Madness,2.0,3,0.6666666666666666,0.2076595988078242,0.9385080559790691
Golgari Linfelink,Gruul Ponza,0.0,2,0.0,0.0,0.6576197760453506
Golgari Linfelink,Jund Midrange,1.0,2,0.5,0.09453120463920084,0.9054687953607992
Golgari Linfelink,Mono Blue Faeries,0.0,2,0.0,0.0,0.6576197760453506
Golgari Linfelink,Tron,1.0,2,0.5,0.09453120463920084,0.9054687953607992
Golgari Linfelink,Azorius Affinity,1.0,1,1.0,0.2065493117918027,1.0
Golgari Linfelink,Burn,1.0,1,1.0,0.2065493117918027,1.0
Golgari Linfelink,Dimir Faeries,1.0,1,1.0,0.2065493117918027,1.0
Golgari Linfelink,Dimir Terror,0.0,1,0.0,0.0,0.7934506882081973
Golgari Linfelink,Elves,0.0,1,0.0,0.0,0.7934506882081973
Golgari Linfelink,Gates,0.0,1,0.0,0.0,0.7934506882081973
Golgari Linfelink,Gruul Ramp,1.0,1,1.0,0.2065493117918027,1.0
Golgari Linfelink,Izzet Terror,0.0,1,0.0,0.0,0.7934506882081973
Golgari Linfelink,Jeskai Ephemerate,0.0,1,0.0,0.0,0.7934506882081973
Golgari Linfelink,Jund Graveyard,0.0,1,0.0,0.0,0.7934506882081973
Golgari Linfelink,Mono Black Sacrifice,0.0,1,0.0,0.0,0.7934506882081973
Golgari Midrange,Grixis Affinity,8.0,28,0.2857142857142857,0.15253995979312637,0.47059288582378966
Golgari Midrange,Gates,10.0,18,0.5555555555555556,0.3371641549342691,0.7544048199620327
Golgari Midrange,Mono Blue Terror,11.0,17,0.6470588235294118,0.4130036331490377,0.8269027970331224
Golgari Midrange,Red Madness,10.0,16,0.625,0.38641040376611335,0.8151876754845355
Golgari Midrange,Jund Midrange,10.0,13,0.7692307692307693,0.49743623839480355,0.918204713457304
Golgari Midrange,Tron,7.0,12,0.5833333333333334,0.31951131084242423,0.8067396875653928
Golgari Midrange,Dimir Faeries,4.0,11,0.36363636363636365,0.15166470989133157,0.6461988273798758
Golgari Midrange,Elves,1.0,11,0.09090909090909091,0.016232172705325593,0.3773584391082959
Golgari Midrange,Spy Combo,5.0,10,0.5,0.23659308901147935,0.7634069109885206
Golgari Midrange,White Aggro,6.0,10,0.6,0.3126737679211953,0.831819671473593
Golgari Midrange,Red Rally,4.0,9,0.4444444444444444,0.18877851977054566,0.7333487081991259
Golgari Midrange,Dimir Terror,3.0,6,0.5,0.18761630498040816,0.8123836950195918
Golgari Midrange,Mono Blue Faeries,3.0,6,0.5,0.18761630498040816,0.8123836950195918
Golgari Midrange,Jeskai Ephemerate,2.0,5,0.4,0.11762077314099711,0.7692757205908813
Golgari Midrange,Rakdos Madness,2.0,5,0.4,0.11762077314099711,0.7692757205908813
Golgari Midrange,Golgari Garden,2.0,4,0.5,0.15003898774401986,0.8499610122559802
Golgari Midrange,Gruul Ramp,1.0,4,0.25,0.04558726029536886,0.6993581599030918
Golgari Midrange,Mono Black Sacrifice,2.0,4,0.5,0.15003898774401986,0.8499610122559802
Golgari Midrange,Turbo Fog,2.0,4,0.5,0.15003898774401986,0.8499610122559802
Golgari Midrange,Altar Tron,1.0,3,0.3333333333333333,0.06149194402093078,0.7923404011921757
Golgari Midrange,Aura Bogles,1.0,3,0.3333333333333333,0.06149194402093078,0.7923404011921757
Golgari Midrange,Azorius Familiars,0.0,3,0.0,0.0,0.5614970356393196
Golgari Midrange,Orzhov Midrange,2.0,3,0.6666666666666666,0.2076595988078242,0.9385080559790691
Golgari Midrange,Ruby Storm,1.0,3,0.3333333333333333,0.06149194402093078,0.7923404011921757
Golgari Midrange,Burn,1.0,2,0.5,0.09453120463920084,0.9054687953607992
Golgari Midrange,Dimir Affinity,1.0,2,0.5,0.09453120463920084,0.9054687953607992
Golgari Midrange,Esper Affinity,1.0,2,0.5,0.09453120463920084,0.9054687953607992
Golgari Midrange,Gruul Ponza,0.0,2,0.0,0.0,0.6576197760453506
Golgari Midrange,Izzet Terror,2.0,2,1.0,0.3423802239546494,1.0
Golgari Midrange,Jund Graveyard,1.0,2,0.5,0.09453120463920084,0.9054687953607992
Golgari Midrange,Mono Red Graveyard,2.0,2,1.0,0.3423802239546494,1.0
Golgari Midrange,Tireless Tribe,1.0,2,0.5,0.09453120463920084,0.9054687953607992
Golgari Midrange,Walls Combo,1.0,2,0.5,0.09453120463920084,0.9054687953607992
Golgari Midrange,Caw Gates,1.0,1,1.0,0.2065493117918027,1.0
Golgari Midrange,Gruul Garden,0.0,1,0.0,0.0,0.7934506882081973
Golgari Midrange,Mono B Devotion,1.0,1,1.0,0.2065493117918027,1.0
Golgari Midrange,Mono Black Midrange,1.0,1,1.0,0.2065493117918027,1.0
Golgari Midrange,Mono Red Burn,1.0,1,1.0,0.2065493117918027,1.0
Golgari Midrange,Mono White Heroic,0.0,1,0.0,0.0,0.7934506882081973
Golgari Midrange,Rakdos Burn,0.0,1,0.0,0.0,0.7934506882081973
Golgari Midrange,Rakdos Goblins,1.0,1,1.0,0.2065493117918027,1.0
Golgari Midrange,Sultai Affinity,1.0,1,1.0,0.2065493117918027,1.0
Golgari Midrange,Sultai Midrange,0.0,1,0.0,0.0,0.7934506882081973
Golgari Ponza,Gates,1.0,1,1.0,0.2065493117918027,1.0
Golgari Ponza,Gruul Ponza,0.0,1,0.0,0.0,0.7934506882081973
Golgari Ponza,Rakdos Madness,1.0,1,1.0,0.2065493117918027,1.0
Golgari Ramp,Dimir Terror,0.0,2,0.0,0.0,0.6576197760453506
Golgari Ramp,Elves,1.0,2,0.5,0.09453120463920084,0.9054687953607992
Golgari Ramp,Red Rally,2.0,2,1.0,0.3423802239546494,1.0
Golgari Ramp,Aura Bogles,0.0,1,0.0,0.0,0.7934506882081973
Golgari Ramp,Azorius Familiars,0.0,1,0.0,0.0,0.7934506882081973
Golgari Ramp,Ephemerate Tron,0.0,1,0.0,0.0,0.7934506882081973
Golgari Ramp,Jund Midrange,1.0,1,1.0,0.2065493117918027,1.0
Golgari Ramp,Ruby Storm,0.0,1,0.0,0.0,0.7934506882081973
Golgari Ramp,Walls,0.0,1,0.0,0.0,0.7934506882081973
Grixis Affinity,Red Madness,106.0,166,0.6385542168674698,0.5631010062235686,0.7077398138152529
Grixis Affinity,Gates,39.0,101,0.38613861386138615,0.29702315056789175,0.4835979868578938
Grixis Affinity,Jund Midrange,38.5,99,0.3888888888888889,0.2987292365789617,0.48734925511772526
Grixis Affinity,Mono Blue Terror,45.0,89,0.5056179775280899,0.40368555163723335,0.6070854984092613
Grixis Affinity,Red Rally,41.0,77,0.5324675324675324,0.4221502089881164,0.6396992438692568
Grixis Affinity,Elves,33.0,76,0.4342105263157895,0.3286093174223538,0.5461424701812837
Grixis Affinity,Tron,26.0,76,0.34210526315789475,0.2453632675014604,0.45404102274726965
Grixis Affinity,Dimir Faeries,44.0,74,0.5945945945945946,0.4807583881739643,0.6990943561245366
Grixis Affinity,Spy Combo,35.0,70,0.5,0.38595717560026627,0.6140428243997338
Grixis Affinity,Rakdos Madness,29.0,58,0.5,0.3753827292203388,0.6246172707796612
Grixis Affinity,White Aggro,31.0,55,0.5636363636363636,0.4326981624671141,0.6862655772681886
Grixis Affinity,Mono Blue Faeries,29.0,52,0.5576923076923077,0.42339761685556154,0.6840494327058475
Grixis Affinity,Jeskai Ephemerate,31.0,48,0.6458333333333334,0.5043905689849699,0.7656635595467234
Grixis Affinity,Dimir Terror,23.0,43,0.5348837209302325,0.3891564036467999,0.6748894239522614
Grixis Affinity,Turbo Fog,20.5,35,0.5857142857142857,0.42209037778684144,0.732383737573673
Grixis Affinity,Azorius Familiars,21.0,33,0.6363636363636364,0.46616178171050116,0.7781282185578974
Grixis Affinity,Golgari Garden,18.5,32,0.578125,0.4078543012933947,0.731648948743374
Grixis Affinity,Gruul Ramp,14.0,31,0.45161290322580644,0.29161735871855426,0.6222783248628674
Grixis Affinity,Tireless Tribe,14.0,30,0.4666666666666667,0.30232388795369436,0.6385770050304025
Grixis Affinity,Altar Tron,7.0,28,0.25,0.12676494850621306,0.4335567047135223
Grixis Affinity,Golgari Midrange,20.0,28,0.7142857142857143,0.5294071141762103,0.8474600402068736
Grixis Affinity,Gruul Ponza,13.0,28,0.4642857142857143,0.2953156986850779,0.6418731089177414
Grixis Affinity,Ruby Storm,15.0,27,0.5555555555555556,0.373130243822858,0.724141419348023
Grixis Affinity,Aura Bogles,12.0,25,0.48,0.3003128583305077,0.6650148317799079
Grixis Affinity,Ephemerate Tron,8.5,22,0.38636363636363635,0.21476362211596722,0.5917488498397476
Grixis Affinity,Caw Gates,8.0,18,0.4444444444444444,0.24559518003796732,0.6628358450657309
Grixis Affinity,Mono Black Sacrifice,14.0,18,0.7777777777777778,0.5478541549399641,0.9099907195415445
Grixis Affinity,Mono Red Burn,5.0,14,0.35714285714285715,0.16344731650094954,0.6123557707570447
Grixis Affinity,Mono White Heroic,10.0,13,0.7692307692307693,0.49743623839480355,0.918204713457304
Grixis Affinity,Burn,5.0,12,0.4166666666666667,0.1932603124346072,0.6804886891575758
Grixis Affinity,Dimir Affinity,4.0,12,0.3333333333333333,0.13812009012485987,0.6093779130595061
Grixis Affinity,Walls Combo,7.0,12,0.5833333333333334,0.31951131084242423,0.8067396875653928
Grixis Affinity,Boros Synthesizer,2.0,7,0.2857142857142857,0.08221892324928332,0.6410655504689458
Grixis Affinity,Cycle Storm,4.0,7,0.5714285714285714,0.25045836275303557,0.8417801460075546
Grixis Affinity,Simic Faeries,6.0,7,0.8571428571428571,0.486872167860775,0.9743203759421759
Grixis Affinity,Izzet Terror,4.0,6,0.6666666666666666,0.29999331299474324,0.9032285897864654
Grixis Affinity,Jund Garden,2.0,6,0.3333333333333333,0.09677141021353453,0.7000066870052566
Grixis Affinity,Temur Control,1.0,6,0.16666666666666666,0.030053369411815023,0.5635028250257673
Grixis Affinity,Mardu Synthesizer,2.0,5,0.4,0.11762077314099711,0.7692757205908813
Grixis Affinity,Mono B Devotion,4.0,5,0.8,0.375534627029995,0.9637758917743693
Grixis Affinity,Orzhov Midrange,3.0,5,0.6,0.23072427940911855,0.8823792268590028
Grixis Affinity,Jund Graveyard,2.0,4,0.5,0.15003898774401986,0.8499610122559802
Grixis Affinity,Temur Garden,2.0,4,0.5,0.15003898774401986,0.8499610122559802
Grixis Affinity,Abzan Garden,0.0,3,0.0,0.0,0.5614970356393196
Grixis Affinity,Bant Ephemerate,0.0,3,0.0,0.0,0.5614970356393196
Grixis Affinity,Dimir Ephemerate,2.0,3,0.6666666666666666,0.2076595988078242,0.9385080559790691
Grixis Affinity,Dimir Midrange,1.0,3,0.3333333333333333,0.06149194402093078,0.7923404011921757
Grixis Affinity,Esper Midrange,2.0,3,0.6666666666666666,0.2076595988078242,0.9385080559790691
Grixis Affinity,Infect,2.0,3,0.6666666666666666,0.2076595988078242,0.9385080559790691
Grixis Affinity,Izzet Control,2.0,3,0.6666666666666666,0.2076595988078242,0.9385080559790691
Grixis Affinity,Mono Red Graveyard,3.0,3,1.0,0.43850296436068037,1.0
Grixis Affinity,Orzhov Ephemerate,2.0,3,0.6666666666666666,0.2076595988078242,0.9385080559790691
Grixis Affinity,Simic Ramp,2.0,3,0.6666666666666666,0.2076595988078242,0.9385080559790691
Grixis Affinity,Slivers,1.0,3,0.3333333333333333,0.06149194402093078,0.7923404011921757
Grixis Affinity,UBRG Proliferate Poison,3.0,3,1.0,0.43850296436068037,1.0
Grixis Affinity,Azorius Midrange,1.0,2,0.5,0.09453120463920084,0.9054687953607992
Grixis Affinity,Black Burn,1.0,2,0.5,0.09453120463920084,0.9054687953607992
Grixis Affinity,Gruul Garden,0.0,2,0.0,0.0,0.6576197760453506
Grixis Affinity,Mardu Midrange,1.0,2,0.5,0.09453120463920084,0.9054687953607992
Grixis Affinity,Mono Green Ramp,1.0,2,0.5,0.09453120463920084,0.9054687953607992
Grixis Affinity,Rakdos Affinity,1.0,2,0.5,0.09453120463920084,0.9054687953607992
Grixis Affinity,Simic Bogles,2.0,2,1.0,0.3423802239546494,1.0
Grixis Affinity,Sultai Control,1.0,2,0.5,0.09453120463920084,0.9054687953607992
Grixis Affinity,Sultai Midrange,1.0,2,0.5,0.09453120463920084,0.9054687953607992
Grixis Affinity,Sultai Proliferate Poison,2.0,2,1.0,0.3423802239546494,1.0
Grixis Affinity,Temur Ramp,1.0,2,0.5,0.09453120463920084,0.9054687953607992
Grixis Affinity,WBRG Midrange,2.0,2,1.0,0.3423802239546494,1.0
Grixis Affinity,Walls Cascade,1.0,2,0.5,0.09453120463920084,0.9054687953607992
Grixis Affinity,5c Ephemerate,1.0,1,1.0,0.2065493117918027,1.0
Grixis Affinity,Azorius Affinity,0.0,1,0.0,0.0,0.7934506882081973
Grixis Affinity,Bant Familiars,0.0,1,0.0,0.0,0.7934506882081973
Grixis Affinity,Boros Bully,0.0,1,0.0,0.0,0.7934506882081973
Grixis Affinity,Boros Midrange,0.0,1,0.0,0.0,0.7934506882081973
Grixis Affinity,Dimir Control,1.0,1,1.0,0.2065493117918027,1.0
Grixis Affinity,Esper Affinity,1.0,1,1.0,0.2065493117918027,1.0
Grixis Affinity,Esper Familiars,1.0,1,1.0,0.2065493117918027,1.0
Grixis Affinity,Grixis Ephemerate,1.0,1,1.0,0.2065493117918027,1.0
Grixis Affinity,Izzet Affinity,1.0,1,1.0,0.2065493117918027,1.0
Grixis Affinity,Izzet Kiln Fiend,1.0,1,1.0,0.2065493117918027,1.0
Grixis Affinity,Mardu Ephemerate,1.0,1,1.0,0.2065493117918027,1.0
Grixis Affinity,Mono Black Affinity,1.0,1,1.0,0.2065493117918027,1.0
Grixis Affinity,Mono Blue Control,1.0,1,1.0,0.2065493117918027,1.0
Grixis Affinity,Mono Red Kiln Fiend,1.0,1,1.0,0.2065493117918027,1.0
Grixis Affinity,Mono White Midrange,0.0,1,0.0,0.0,0.7934506882081973
Grixis Affinity,Reanimator,1.0,1,1.0,0.2065493117918027,1.0
Grixis Affinity,Selesnya Linfelink,1.0,1,1.0,0.2065493117918027,1.0
Grixis Affinity,Simic Control,0.0,1,0.0,0.0,0.7934506882081973
Grixis Affinity,Sultai Terror,1.0,1,1.0,0.2065493117918027,1.0
Grixis Ephemerate,Altar Tron,0.0,1,0.0,0.0,0.7934506882081973
Grixis Ephemerate,Azorius Familiars,0.0,1,0.0,0.0,0.7934506882081973
Grixis Ephemerate,Esper Midrange,1.0,1,1.0,0.2065493117918027,1.0
Grixis Ephemerate,Golgari Garden,1.0,1,1.0,0.2065493117918027,1.0
Grixis Ephemerate,Grixis Affinity,0.0,1,0.0,0.0,0.7934506882081973
Grixis Ephemerate,Jund Midrange,1.0,1,1.0,0.2065493117918027,1.0
Grixis Ephemerate,Mono Blue Terror,1.0,1,1.0,0.2065493117918027,1.0
Grixis Ephemerate,Rakdos Madness,1.0,1,1.0,0.2065493117918027,1.0
Grixis Ephemerate,Spy Combo,0.0,1,0.0,0.0,0.7934506882081973
Grixis Ephemerate,Turbo Fog,1.0,1,1.0,0.2065493117918027,1.0
Grixis Midrange,Burn,1.0,1,1.0,0.2065493117918027,1.0
Grixis Midrange,Elves,0.0,1,0.0,0.0,0.7934506882081973
Grixis Midrange,Ephemerate Tron,1.0,1,1.0,0.2065493117918027,1.0
Grixis Midrange,Jeskai Ephemerate,0.0,1,0.0,0.0,0.7934506882081973
Grixis Midrange,Ruby Storm,1.0,1,1.0,0.2065493117918027,1.0
Grixis Terror,Altar Tron,1.0,2,0.5,0.09453120463920084,0.9054687953607992
Grixis Terror,Elves,1.0,2,0.5,0.09453120463920084,0.9054687953607992
Grixis Terror,Rakdos Madness,1.0,2,0.5,0.09453120463920084,0.9054687953607992
Grixis Terror,Red Rally,1.0,2,0.5,0.09453120463920084,0.9054687953607992
Grixis Terror,Aura Bogles,1.0,1,1.0,0.2065493117918027,1.0
Grixis Terror,Burn,1.0,1,1.0,0.2065493117918027,1.0
Grixis Terror,Caw Gates,0.0,1,0.0,0.0,0.7934506882081973
Grixis Terror,Cycle Storm,0.0,1,0.0,0.0,0.7934506882081973
Grixis Terror,Dimir Faeries,0.0,1,0.0,0.0,0.7934506882081973
Grixis Terror,Gruul Ramp,0.0,1,0.0,0.0,0.7934506882081973
Grixis Terror,Jeskai Ephemerate,1.0,1,1.0,0.2065493117918027,1.0
Grixis Terror,Mono Blue Faeries,0.0,1,0.0,0.0,0.7934506882081973
Grixis Terror,Mono Blue Terror,1.0,1,1.0,0.2065493117918027,1.0
Grixis Terror,Tron,1.0,1,1.0,0.2065493117918027,1.0
Grixis Terror,White Aggro,1.0,1,1.0,0.2065493117918027,1.0
Gruul Garden,Dimir Faeries,2.0,5,0.4,0.11762077314099711,0.7692757205908813
Gruul Garden,Gates,3.0,4,0.75,0.3006418400969081,0.954412739704631
Gruul Garden,Red Madness,2.0,4,0.5,0.15003898774401986,0.8499610122559802
Gruul Garden,Dimir Terror,1.0,2,0.5,0.09453120463920084,0.9054687953607992
Gruul Garden,Grixis Affinity,2.0,2,1.0,0.3423802239546494,1.0
Gruul Garden,Jund Midrange,1.0,2,0.5,0.09453120463920084,0.9054687953607992
Gruul Garden,Red Rally,1.0,2,0.5,0.09453120463920084,0.9054687953607992
Gruul Garden,Spy Combo,1.0,2,0.5,0.09453120463920084,0.9054687953607992
Gruul Garden,Tron,1.0,2,0.5,0.09453120463920084,0.9054687953607992
Gruul Garden,Azorius Familiars,0.0,1,0.0,0.0,0.7934506882081973
Gruul Garden,Boros Bully,1.0,1,1.0,0.2065493117918027,1.0
Gruul Garden,Caw Gates,1.0,1,1.0,0.2065493117918027,1.0
Gruul Garden,Elves,1.0,1,1.0,0.2065493117918027,1.0
Gruul Garden,Golgari Midrange,1.0,1,1.0,0.2065493117918027,1.0
Gruul Garden,Gruul Synthesizer,1.0,1,1.0,0.2065493117918027,1.0
Gruul Garden,Izzet Control,0.0,1,0.0,0.0,0.7934506882081973
Gruul Garden,Mono Black Midrange,1.0,1,1.0,0.2065493117918027,1.0
Gruul Garden,Mono White Heroic,0.0,1,0.0,0.0,0.7934506882081973
Gruul Garden,Rakdos Madness,1.0,1,1.0,0.2065493117918027,1.0
Gruul Garden,Turbo Fog,1.0,1,1.0,0.2065493117918027,1.0
Gruul Midrange,Gruul Ponza,1.0,1,1.0,0.2065493117918027,1.0
Gruul Midrange,Jund Midrange,0.0,1,0.0,0.0,0.7934506882081973
Gruul Midrange,Mono Blue Faeries,1.0,1,1.0,0.2065493117918027,1.0
Gruul Midrange,Red Rally,0.0,1,0.0,0.0,0.7934506882081973
Gruul Ponza,Red Madness,12.0,29,0.41379310344827586,0.25513177237414897,0.5926216414412274
Gruul Ponza,Grixis Affinity,15.0,28,0.5357142857142857,0.35812689108225854,0.704684301314922
Gruul Ponza,Red Rally,10.0,22,0.45454545454545453,0.2692029406072818,0.6534020481750042
Gruul Ponza,Mono Blue Terror,10.0,16,0.625,0.38641040376611335,0.8151876754845355
Gruul Ponza,Rakdos Madness,11.0,16,0.6875,0.4440435565274821,0.858353562348491
Gruul Ponza,Tron,14.0,16,0.875,0.6397717251782153,0.9650225125737311
Gruul Ponza,Jund Midrange,7.0,14,0.5,0.2679920230881164,0.7320079769118836
Gruul Ponza,Spy Combo,5.0,14,0.35714285714285715,0.16344731650094954,0.6123557707570447
Gruul Ponza,Dimir Faeries,9.0,13,0.6923076923076923,0.42369342985078007,0.8731929643292967
Gruul Ponza,Gates,8.0,13,0.6153846153846154,0.3552289133643685,0.8229029231436777
Gruul Ponza,Golgari Garden,10.0,13,0.7692307692307693,0.49743623839480355,0.918204713457304
Gruul Ponza,Dimir Terror,4.0,12,0.3333333333333333,0.13812009012485987,0.6093779130595061
Gruul Ponza,Mono Blue Faeries,6.0,12,0.5,0.25378159616252394,0.7462184038374761
Gruul Ponza,White Aggro,7.0,12,0.5833333333333334,0.31951131084242423,0.8067396875653928
Gruul Ponza,Jeskai Ephemerate,7.0,11,0.6363636363636364,0.35380117262012434,0.8483352901086686
Gruul Ponza,Elves,3.0,10,0.3,0.10779126655639398,0.6032218546540291
Gruul Ponza,Ephemerate Tron,5.0,7,0.7142857142857143,0.3589344495310541,0.9177810767507166
Gruul Ponza,Mono Black Sacrifice,3.0,7,0.42857142857142855,0.15821985399244537,0.7495416372469643
Gruul Ponza,Azorius Familiars,3.0,6,0.5,0.18761630498040816,0.8123836950195918
Gruul Ponza,Gruul Ramp,4.0,6,0.6666666666666666,0.29999331299474324,0.9032285897864654
Gruul Ponza,Mono Red Burn,5.0,6,0.8333333333333334,0.4364971749742326,0.969946630588185
Gruul Ponza,Aura Bogles,1.0,5,0.2,0.03622410822563066,0.6244653729700049
Gruul Ponza,Mono White Heroic,3.0,5,0.6,0.23072427940911855,0.8823792268590028
Gruul Ponza,Orzhov Midrange,3.0,5,0.6,0.23072427940911855,0.8823792268590028
Gruul Ponza,Ruby Storm,1.0,4,0.25,0.04558726029536886,0.6993581599030918
Gruul Ponza,Turbo Fog,2.0,4,0.5,0.15003898774401986,0.8499610122559802
Gruul Ponza,Sultai Proliferate Poison,2.0,3,0.6666666666666666,0.2076595988078242,0.9385080559790691
Gruul Ponza,Tireless Tribe,0.0,3,0.0,0.0,0.5614970356393196
Gruul Ponza,Altar Tron,2.0,2,1.0,0.3423802239546494,1.0
Gruul Ponza,Golgari Linfelink,2.0,2,1.0,0.3423802239546494,1.0
Gruul Ponza,Golgari Midrange,2.0,2,1.0,0.3423802239546494,1.0
Gruul Ponza,Mono Red Kiln Fiend,0.0,2,0.0,0.0,0.6576197760453506
Gruul Ponza,Azorius Midrange,1.0,1,1.0,0.2065493117918027,1.0
Gruul Ponza,Boros Synthesizer,1.0,1,1.0,0.2065493117918027,1.0
Gruul Ponza,Burn,1.0,1,1.0,0.2065493117918027,1.0
Gruul Ponza,Cycle Storm,0.0,1,0.0,0.0,0.7934506882081973
Gruul Ponza,Dimir Affinity,0.0,1,0.0,0.0,0.7934506882081973
Gruul Ponza,Dimir Midrange,1.0,1,1.0,0.2065493117918027,1.0
Gruul Ponza,Esper Affinity,0.0,1,0.0,0.0,0.7934506882081973
Gruul Ponza,Esper Ephemerate,1.0,1,1.0,0.2065493117918027,1.0
Gruul Ponza,Esper Familiars,1.0,1,1.0,0.2065493117918027,1.0
Gruul Ponza,Golgari Ponza,1.0,1,1.0,0.2065493117918027,1.0
Gruul Ponza,Gruul Midrange,0.0,1,0.0,0.0,0.7934506882081973
Gruul Ponza,Jund Graveyard,0.0,1,0.0,0.0,0.7934506882081973
Gruul Ponza,Mardu Affinity,1.0,1,1.0,0.2065493117918027,1.0
Gruul Ponza,Mono Black Midrange,0.0,1,0.0,0.0,0.7934506882081973
Gruul Ponza,Mono Green Ramp,1.0,1,1.0,0.2065493117918027,1.0
Gruul Ponza,Simic Ramp,0.0,1,0.0,0.0,0.7934506882081973
Gruul Ponza,Slivers,0.0,1,0.0,0.0,0.7934506882081973
Gruul Ponza,Temur Garden,0.0,1,0.0,0.0,0.7934506882081973
Gruul Ponza,UBRG Control,0.0,1,0.0,0.0,0.7934506882081973
Gruul Ponza,UBRG Proliferate Poison,1.0,1,1.0,0.2065493117918027,1.0
Gruul Ponza,WUBR Affinity,1.0,1,1.0,0.2065493117918027,1.0
Gruul Ponza,WURG Ephemerate,1.0,1,1.0,0.2065493117918027,1.0
Gruul Ponza,Walls Combo,0.0,1,0.0,0.0,0.7934506882081973
Gruul Ramp,Red Madness,15.0,38,0.39473684210526316,0.25598075655231917,0.5528213212457818
Gruul Ramp,Grixis Affinity,17.0,31,0.5483870967741935,0.3777216751371326,0.7083826412814458
Gruul Ramp,Jund Midrange,14.0,21,0.6666666666666666,0.45373451812717547,0.8280524748771099
Gruul Ramp,Mono Blue Terror,7.0,17,0.4117647058823529,0.21611056673991857,0.6399455751507853
Gruul Ramp,Spy Combo,5.0,17,0.29411764705882354,0.1327998952626943,0.5313311024822815
Gruul Ramp,Red Rally,12.0,16,0.75,0.5050168327029684,0.8981793257983292
Gruul Ramp,Gates,9.0,15,0.6,0.35746829954344506,0.8017550397372577
Gruul Ramp,Mono Blue Faeries,11.0,14,0.7857142857142857,0.5241076920169465,0.9242861334670647
Gruul Ramp,Rakdos Madness,9.0,13,0.6923076923076923,0.42369342985078007,0.8731929643292967
Gruul Ramp,Tron,6.0,13,0.46153846153846156,0.23206067674961361,0.7085620444143711
Gruul Ramp,White Aggro,10.0,13,0.7692307692307693,0.49743623839480355,0.918204713457304
Gruul Ramp,Elves,5.0,11,0.45454545454545453,0.21271271487637833,0.7199084642140241
Gruul Ramp,Dimir Terror,4.0,10,0.4,0.1681803285264069,0.6873262320788047
Gruul Ramp,Aura Bogles,3.0,9,0.3333333333333333,0.12058381743407343,0.6457978664749412
Gruul Ramp,Dimir Faeries,7.0,9,0.7777777777777778,0.4525889666922117,0.9367748934594303
Gruul Ramp,Jeskai Ephemerate,4.0,9,0.4444444444444444,0.18877851977054566,0.7333487081991259
Gruul Ramp,Turbo Fog,5.0,9,0.5555555555555556,0.26665129180087416,0.8112214802294544
Gruul Ramp,Azorius Familiars,2.0,8,0.25,0.07147921209795555,0.5907245720727483
Gruul Ramp,Altar Tron,3.0,7,0.42857142857142855,0.15821985399244537,0.7495416372469643
Gruul Ramp,Golgari Garden,2.0,6,0.3333333333333333,0.09677141021353453,0.7000066870052566
Gruul Ramp,Gruul Ponza,2.0,6,0.3333333333333333,0.09677141021353453,0.7000066870052566
Gruul Ramp,Ruby Storm,1.0,6,0.16666666666666666,0.030053369411815023,0.5635028250257673
Gruul Ramp,Orzhov Midrange,4.0,5,0.8,0.375534627029995,0.9637758917743693
Gruul Ramp,Burn,1.0,4,0.25,0.04558726029536886,0.6993581599030918
Gruul Ramp,Golgari Midrange,3.0,4,0.75,0.3006418400969081,0.954412739704631
Gruul Ramp,Mono Black Sacrifice,0.0,4,0.0,0.0,0.4898908403969213
Gruul Ramp,Tireless Tribe,1.0,4,0.25,0.04558726029536886,0.6993581599030918
Gruul Ramp,Cycle Storm,2.0,3,0.6666666666666666,0.2076595988078242,0.9385080559790691
Gruul Ramp,Ephemerate Tron,1.0,3,0.3333333333333333,0.06149194402093078,0.7923404011921757
Gruul Ramp,Mono White Heroic,1.0,3,0.3333333333333333,0.06149194402093078,0.7923404011921757
Gruul Ramp,Walls Combo,2.0,3,0.6666666666666666,0.2076595988078242,0.9385080559790691
Gruul Ramp,Esper Familiars,1.0,2,0.5,0.09453120463920084,0.9054687953607992
Gruul Ramp,Izzet Affinity,1.0,2,0.5,0.09453120463920084,0.9054687953607992
Gruul Ramp,Jund Garden,2.0,2,1.0,0.3423802239546494,1.0
Gruul Ramp,Mono Red Burn,1.0,2,0.5,0.09453120463920084,0.9054687953607992
Gruul Ramp,Bant Ephemerate,1.0,1,1.0,0.2065493117918027,1.0
Gruul Ramp,Black Burn,0.0,1,0.0,0.0,0.7934506882081973
Gruul Ramp,Boros Midrange,1.0,1,1.0,0.2065493117918027,1.0
Gruul Ramp,Caw Gates,0.0,1,0.0,0.0,0.7934506882081973
Gruul Ramp,Dimir Control,1.0,1,1.0,0.2065493117918027,1.0
Gruul Ramp,Dimir Ephemerate,1.0,1,1.0,0.2065493117918027,1.0
Gruul Ramp,Dimir Midrange,0.0,1,0.0,0.0,0.7934506882081973
Gruul Ramp,Esper Midrange,1.0,1,1.0,0.2065493117918027,1.0
Gruul Ramp,Golgari Linfelink,0.0,1,0.0,0.0,0.7934506882081973
Gruul Ramp,Grixis Terror,1.0,1,1.0,0.2065493117918027,1.0
Gruul Ramp,Infect,0.0,1,0.0,0.0,0.7934506882081973
Gruul Ramp,Izzet Control,0.0,1,0.0,0.0,0.7934506882081973
Gruul Ramp,Izzet Terror,1.0,1,1.0,0.2065493117918027,1.0
Gruul Ramp,Jund Graveyard,0.0,1,0.0,0.0,0.7934506882081973
Gruul Ramp,Mono Black Midrange,1.0,1,1.0,0.2065493117918027,1.0
Gruul Ramp,Mono Red Graveyard,0.0,1,0.0,0.0,0.7934506882081973
Gruul Ramp,Naya Ramp,0.0,1,0.0,0.0,0.7934506882081973
Gruul Ramp,Rakdos Burn,1.0,1,1.0,0.2065493117918027,1.0
Gruul Ramp,Selesnya Ramp,1.0,1,1.0,0.2065493117918027,1.0
Gruul Ramp,Slivers,1.0,1,1.0,0.2065493117918027,1.0
Gruul Ramp,Sultai Control,1.0,1,1.0,0.2065493117918027,1.0
Gruul Ramp,Sultai Faeries,1.0,1,1.0,0.2065493117918027,1.0
Gruul Ramp,Sultai Garden,1.0,1,1.0,0.2065493117918027,1.0
Gruul Ramp,Sultai Midrange,0.0,1,0.0,0.0,0.7934506882081973
Gruul Ramp,Sultai Proliferate Poison,1.0,1,1.0,0.2065493117918027,1.0
Gruul Ramp,Temur Ramp,0.0,1,0.0,0.0,0.7934506882081973
Gruul Synthesizer,Gruul Garden,0.0,1,0.0,0.0,0.7934506882081973
Gruul Synthesizer,Mono B Devotion,1.0,1,1.0,0.2065493117918027,1.0
Gruul Synthesizer,Rakdos Madness,0.0,1,0.0,0.0,0.7934506882081973
Infect,Red Madness,1.0,7,0.14285714285714285,0.025679624057823897,0.5131278321392249
Infect,Red Rally,2.0,6,0.3333333333333333,0.09677141021353453,0.7000066870052566
Infect,Ephemerate Tron,4.0,5,0.8,0.375534627029995,0.9637758917743693
Infect,White Aggro,4.0,5,0.8,0.375534627029995,0.9637758917743693
Infect,Rakdos Madness,1.0,4,0.25,0.04558726029536886,0.6993581599030918
Infect,Grixis Affinity,1.0,3,0.3333333333333333,0.06149194402093078,0.7923404011921757
Infect,Jeskai Ephemerate,0.0,3,0.0,0.0,0.5614970356393196
Infect,Mono Blue Terror,0.0,3,0.0,0.0,0.5614970356393196
Infect,Tron,2.0,3,0.6666666666666666,0.2076595988078242,0.9385080559790691
Infect,Jund Midrange,1.0,2,0.5,0.09453120463920084,0.9054687953607992
Infect,Turbo Fog,0.0,2,0.0,0.0,0.6576197760453506
Infect,Azorius Familiars,0.0,1,0.0,0.0,0.7934506882081973
Infect,Burn,0.0,1,0.0,0.0,0.7934506882081973
Infect,Caw Gates,1.0,1,1.0,0.2065493117918027,1.0
Infect,Dimir Faeries,0.0,1,0.0,0.0,0.7934506882081973
Infect,Dimir Midrange,1.0,1,1.0,0.2065493117918027,1.0
Infect,Dimir Terror,1.0,1,1.0,0.2065493117918027,1.0
Infect,Elves,1.0,1,1.0,0.2065493117918027,1.0
Infect,Esper Ephemerate,1.0,1,1.0,0.2065493117918027,1.0
Infect,Gates,0.0,1,0.0,0.0,0.7934506882081973
Infect,Gruul Ramp,1.0,1,1.0,0.2065493117918027,1.0
Infect,Mono Black Midrange,0.0,1,0.0,0.0,0.7934506882081973
Infect,Mono Blue Faeries,0.0,1,0.0,0.0,0.7934506882081973
Infect,Mono Red Burn,0.0,1,0.0,0.0,0.7934506882081973
Infect,Mono Red Synthesizer,0.0,1,0.0,0.0,0.7934506882081973
Infect,Mono White Heroic,0.0,1,0.0,0.0,0.7934506882081973
Infect,Rakdos Goblins,1.0,1,1.0,0.2065493117918027,1.0
Infect,Slivers,1.0,1,1.0,0.2065493117918027,1.0
Infect,Spy Combo,0.0,1,0.0,0.0,0.7934506882081973
Infect,Temur Garden,1.0,1,1.0,0.2065493117918027,1.0
Infect,Walls Combo,0.0,1,0.0,0.0,0.7934506882081973
Izzet Affinity,Dimir Faeries,2.0,2,1.0,0.3423802239546494,1.0
Izzet Affinity,Gruul Ramp,1.0,2,0.5,0.09453120463920084,0.9054687953607992
Izzet Affinity,Mono Blue Terror,0.0,2,0.0,0.0,0.6576197760453506
Izzet Affinity,Red Madness,0.0,2,0.0,0.0,0.6576197760453506
Izzet Affinity,Ruby Storm,1.0,2,0.5,0.09453120463920084,0.9054687953607992
Izzet Affinity,Tron,1.0,2,0.5,0.09453120463920084,0.9054687953607992
Izzet Affinity,Boros Bully,1.0,1,1.0,0.2065493117918027,1.0
Izzet Affinity,Dimir Terror,0.0,1,0.0,0.0,0.7934506882081973
Izzet Affinity,Elves,0.0,1,0.0,0.0,0.7934506882081973
Izzet Affinity,Gates,0.0,1,0.0,0.0,0.7934506882081973
Izzet Affinity,Golgari Garden,0.0,1,0.0,0.0,0.7934506882081973
Izzet Affinity,Grixis Affinity,0.0,1,0.0,0.0,0.7934506882081973
Izzet Affinity,Jund Midrange,1.0,1,1.0,0.2065493117918027,1.0
Izzet Affinity,Rakdos Burn,0.0,1,0.0,0.0,0.7934506882081973
Izzet Affinity,Tireless Tribe,1.0,1,1.0,0.2065493117918027,1.0
Izzet Affinity,White Aggro,1.0,1,1.0,0.2065493117918027,1.0
Izzet Control,Red Madness,0.0,5,0.0,0.0,0.43448246865939283
Izzet Control,Dimir Terror,0.0,3,0.0,0.0,0.5614970356393196
Izzet Control,Grixis Affinity,1.0,3,0.3333333333333333,0.06149194402093078,0.7923404011921757
Izzet Control,Rakdos Madness,1.0,3,0.3333333333333333,0.06149194402093078,0.7923404011921757
Izzet Control,Gates,0.0,2,0.0,0.0,0.6576197760453506
Izzet Control,Mono Blue Faeries,0.0,2,0.0,0.0,0.6576197760453506
Izzet Control,White Aggro,0.0,2,0.0,0.0,0.6576197760453506
Izzet Control,Aura Bogles,0.0,1,0.0,0.0,0.7934506882081973
Izzet Control,Burn,0.0,1,0.0,0.0,0.7934506882081973
Izzet Control,Elves,1.0,1,1.0,0.2065493117918027,1.0
Izzet Control,Ephemerate Tron,0.0,1,0.0,0.0,0.7934506882081973
Izzet Control,Golgari Garden,1.0,1,1.0,0.2065493117918027,1.0
Izzet Control,Gruul Garden,1.0,1,1.0,0.2065493117918027,1.0
Izzet Control,Gruul Ramp,1.0,1,1.0,0.2065493117918027,1.0
Izzet Control,Mono Black Sacrifice,0.0,1,0.0,0.0,0.7934506882081973
Izzet Control,Tron,1.0,1,1.0,0.2065493117918027,1.0
Izzet Control,Walls Combo,0.0,1,0.0,0.0,0.7934506882081973
Izzet Faeries,Tron,1.0,2,0.5,0.09453120463920084,0.9054687953607992
Izzet Faeries,Mono Blue Terror,0.0,1,0.0,0.0,0.7934506882081973
Izzet Faeries,Red Rally,0.0,1,0.0,0.0,0.7934506882081973
Izzet Kiln Fiend,Azorius Familiars,0.0,1,0.0,0.0,0.7934506882081973
Izzet Kiln Fiend,Grixis Affinity,0.0,1,0.0,0.0,0.7934506882081973
Izzet Kiln Fiend,White Aggro,0.0,1,0.0,0.0,0.7934506882081973
Izzet Terror,White Aggro,5.0,10,0.5,0.23659308901147935,0.7634069109885206
Izzet Terror,Red Madness,6.0,9,0.6666666666666666,0.35420213352505864,0.8794161825659264
Izzet Terror,Mono Blue Terror,6.0,8,0.75,0.40927542792725174,0.9285207879020445
Izzet Terror,Red Rally,3.0,8,0.375,0.13684428473912286,0.694257607346229
Izzet Terror,Dimir Faeries,3.0,6,0.5,0.18761630498040816,0.8123836950195918
Izzet Terror,Gates,2.0,6,0.3333333333333333,0.09677141021353453,0.7000066870052566
Izzet Terror,Grixis Affinity,2.0,6,0.3333333333333333,0.09677141021353453,0.7000066870052566
Izzet Terror,Jund Midrange,3.0,6,0.5,0.18761630498040816,0.8123836950195918
Izzet Terror,Orzhov Midrange,3.0,6,0.5,0.18761630498040816,0.8123836950195918
Izzet Terror,Rakdos Madness,2.0,6,0.3333333333333333,0.09677141021353453,0.7000066870052566
Izzet Terror,Azorius Familiars,2.0,5,0.4,0.11762077314099711,0.7692757205908813
Izzet Terror,Ephemerate Tron,2.0,5,0.4,0.11762077314099711,0.7692757205908813
Izzet Terror,Spy Combo,2.0,5,0.4,0.11762077314099711,0.7692757205908813
Izzet Terror,Jeskai Ephemerate,0.0,4,0.0,0.0,0.4898908403969213
Izzet Terror,Turbo Fog,1.0,4,0.25,0.04558726029536886,0.6993581599030918
Izzet Terror,Aura Bogles,0.0,3,0.0,0.0,0.5614970356393196
Izzet Terror,Caw Gates,1.0,3,0.3333333333333333,0.06149194402093078,0.7923404011921757
Izzet Terror,Cycle Storm,2.0,3,0.6666666666666666,0.2076595988078242,0.9385080559790691
Izzet Terror,Golgari Garden,1.0,3,0.3333333333333333,0.06149194402093078,0.7923404011921757
Izzet Terror,Mono Blue Faeries,2.0,3,0.6666666666666666,0.2076595988078242,0.9385080559790691
Izzet Terror,Tron,0.0,3,0.0,0.0,0.5614970356393196
Izzet Terror,Dimir Affinity,1.0,2,0.5,0.09453120463920084,0.9054687953607992
Izzet Terror,Dimir Terror,1.0,2,0.5,0.09453120463920084,0.9054687953607992
Izzet Terror,Golgari Midrange,0.0,2,0.0,0.0,0.6576197760453506
Izzet Terror,Mono Black Sacrifice,1.0,2,0.5,0.09453120463920084,0.9054687953607992
Izzet Terror,Tireless Tribe,2.0,2,1.0,0.3423802239546494,1.0
Izzet Terror,Altar Tron,0.0,1,0.0,0.0,0.7934506882081973
Izzet Terror,Bant Ephemerate,1.0,1,1.0,0.2065493117918027,1.0
Izzet Terror,Dimir Ephemerate,1.0,1,1.0,0.2065493117918027,1.0
Izzet Terror,Dimir Midrange,0.0,1,0.0,0.0,0.7934506882081973
Izzet Terror,Elves,0.0,1,0.0,0.0,0.7934506882081973
Izzet Terror,Esper Familiars,1.0,1,1.0,0.2065493117918027,1.0
Izzet Terror,Golgari Linfelink,1.0,1,1.0,0.2065493117918027,1.0
Izzet Terror,Gruul Ramp,0.0,1,0.0,0.0,0.7934506882081973
Izzet Terror,Jund Graveyard,0.0,1,0.0,0.0,0.7934506882081973
Izzet Terror,Mardu Synthesizer,0.0,1,0.0,0.0,0.7934506882081973
Izzet Terror,Mono Red Burn,1.0,1,1.0,0.2065493117918027,1.0
Izzet Terror,Naya Ramp,1.0,1,1.0,0.2065493117918027,1.0
Izzet Terror,Rakdos Affinity,0.0,1,0.0,0.0,0.7934506882081973
Izzet Terror,Rakdos Goblins,0.0,1,0.0,0.0,0.7934506882081973
Izzet Terror,Ruby Storm,1.0,1,1.0,0.2065493117918027,1.0
Izzet Terror,Slivers,1.0,1,1.0,0.2065493117918027,1.0
Izzet Terror,Temur Control,0.0,1,0.0,0.0,0.7934506882081973
Izzet Terror,WURG Ephemerate,0.0,1,0.0,0.0,0.7934506882081973
Izzet Terror,Zubera Storm,1.0,1,1.0,0.2065493117918027,1.0
Jeskai Ephemerate,Red Madness,33.0,53,0.6226415094339622,0.48806895836282027,0.7406373460821157
Jeskai Ephemerate,Grixis Affinity,17.0,48,0.3541666666666667,0.23433644045327673,0.4956094310150302
Jeskai Ephemerate,Mono Blue Terror,15.0,29,0.5172413793103449,0.34431021760122926,0.6861390996356954
Jeskai Ephemerate,Jund Midrange,10.0,27,0.37037037037037035,0.21532512863998593,0.5577076572946251
Jeskai Ephemerate,Red Rally,9.0,25,0.36,0.20247880678156654,0.554815023991343
Jeskai Ephemerate,Spy Combo,11.0,24,0.4583333333333333,0.27891333613001446,0.6492513477492627
Jeskai Ephemerate,Gates,15.0,23,0.6521739130434783,0.4489033522338618,0.8118872415619854
Jeskai Ephemerate,White Aggro,12.0,20,0.6,0.3865814992347542,0.7811934687282198
Jeskai Ephemerate,Elves,13.0,19,0.6842105263157895,0.46010407504696654,0.8463562100152995
Jeskai Ephemerate,Golgari Garden,11.0,19,0.5789473684210527,0.362759033831258,0.7685810883382846
Jeskai Ephemerate,Dimir Faeries,8.0,18,0.4444444444444444,0.24559518003796732,0.6628358450657309
Jeskai Ephemerate,Tron,8.0,15,0.5333333333333333,0.3011697987531101,0.751904647673791
Jeskai Ephemerate,Rakdos Madness,5.0,14,0.35714285714285715,0.16344731650094954,0.6123557707570447
Jeskai Ephemerate,Azorius Familiars,7.0,13,0.5384615384615384,0.29143795558562896,0.7679393232503864
Jeskai Ephemerate,Mono Blue Faeries,5.0,13,0.38461538461538464,0.17709707685632237,0.6447710866356315
Jeskai Ephemerate,Dimir Terror,5.0,12,0.4166666666666667,0.1932603124346072,0.6804886891575758
Jeskai Ephemerate,Gruul Ponza,4.0,11,0.36363636363636365,0.15166470989133157,0.6461988273798758
Jeskai Ephemerate,Aura Bogles,4.0,10,0.4,0.1681803285264069,0.6873262320788047
Jeskai Ephemerate,Tireless Tribe,6.0,10,0.6,0.3126737679211953,0.831819671473593
Jeskai Ephemerate,Gruul Ramp,5.0,9,0.5555555555555556,0.26665129180087416,0.8112214802294544
Jeskai Ephemerate,Turbo Fog,5.0,9,0.5555555555555556,0.26665129180087416,0.8112214802294544
Jeskai Ephemerate,Ruby Storm,5.0,8,0.625,0.30574239265377096,0.8631557152608771
Jeskai Ephemerate,Mono Black Sacrifice,2.0,6,0.3333333333333333,0.09677141021353453,0.7000066870052566
Jeskai Ephemerate,Altar Tron,1.0,5,0.2,0.03622410822563066,0.6244653729700049
Jeskai Ephemerate,Burn,4.0,5,0.8,0.375534627029995,0.9637758917743693
Jeskai Ephemerate,Caw Gates,2.0,5,0.4,0.11762077314099711,0.7692757205908813
Jeskai Ephemerate,Ephemerate Tron,3.0,5,0.6,0.23072427940911855,0.8823792268590028
Jeskai Ephemerate,Golgari Midrange,3.0,5,0.6,0.23072427940911855,0.8823792268590028
Jeskai Ephemerate,Cycle Storm,1.0,4,0.25,0.04558726029536886,0.6993581599030918
Jeskai Ephemerate,Izzet Terror,4.0,4,1.0,0.5101091596030786,0.9999999999999999
Jeskai Ephemerate,Jund Graveyard,1.0,4,0.25,0.04558726029536886,0.6993581599030918
Jeskai Ephemerate,Walls Combo,3.0,4,0.75,0.3006418400969081,0.954412739704631
Jeskai Ephemerate,Infect,3.0,3,1.0,0.43850296436068037,1.0
Jeskai Ephemerate,Mono Red Burn,2.0,3,0.6666666666666666,0.2076595988078242,0.9385080559790691
Jeskai Ephemerate,Orzhov Midrange,3.0,3,1.0,0.43850296436068037,1.0
Jeskai Ephemerate,Esper Midrange,1.0,2,0.5,0.09453120463920084,0.9054687953607992
Jeskai Ephemerate,Jeskai Synthesizer,1.0,2,0.5,0.09453120463920084,0.9054687953607992
Jeskai Ephemerate,Mardu Midrange,1.0,2,0.5,0.09453120463920084,0.9054687953607992
Jeskai Ephemerate,Rakdos Affinity,1.0,2,0.5,0.09453120463920084,0.9054687953607992
Jeskai Ephemerate,Sultai Proliferate Poison,2.0,2,1.0,0.3423802239546494,1.0
Jeskai Ephemerate,Bant Ephemerate,1.0,1,1.0,0.2065493117918027,1.0
Jeskai Ephemerate,Boros Bully,1.0,1,1.0,0.2065493117918027,1.0
Jeskai Ephemerate,Boros Synthesizer,1.0,1,1.0,0.2065493117918027,1.0
Jeskai Ephemerate,Dimir Affinity,0.0,1,0.0,0.0,0.7934506882081973
Jeskai Ephemerate,Dimir Midrange,1.0,1,1.0,0.2065493117918027,1.0
Jeskai Ephemerate,Esper Affinity,0.0,1,0.0,0.0,0.7934506882081973
Jeskai Ephemerate,Golgari Linfelink,1.0,1,1.0,0.2065493117918027,1.0
Jeskai Ephemerate,Grixis Midrange,1.0,1,1.0,0.2065493117918027,1.0
Jeskai Ephemerate,Grixis Terror,0.0,1,0.0,0.0,0.7934506882081973
Jeskai Ephemerate,Jund Garden,0.0,1,0.0,0.0,0.7934506882081973
Jeskai Ephemerate,Mardu Synthesizer,0.0,1,0.0,0.0,0.7934506882081973
Jeskai Ephemerate,Mono B Devotion,1.0,1,1.0,0.2065493117918027,1.0
Jeskai Ephemerate,Mono White Ephemerate,1.0,1,1.0,0.2065493117918027,1.0
Jeskai Ephemerate,Mono White Heroic,1.0,1,1.0,0.2065493117918027,1.0
Jeskai Ephemerate,Rakdos Burn,1.0,1,1.0,0.2065493117918027,1.0
Jeskai Ephemerate,Simic Control,0.0,1,0.0,0.0,0.7934506882081973
Jeskai Ephemerate,Simic Ramp,1.0,1,1.0,0.2065493117918027,1.0
Jeskai Ephemerate,Slivers,1.0,1,1.0,0.2065493117918027,1.0
Jeskai Ephemerate,Tortex,1.0,1,1.0,0.2065493117918027,1.0
Jeskai Ephemerate,WBRG Midrange,1.0,1,1.0,0.2065493117918027,1.0
Jeskai Ephemerate,WUBR Midrange,1.0,1,1.0,0.2065493117918027,1.0
Jeskai Faeries,Dimir Faeries,0.0,1,0.0,0.0,0.7934506882081973
Jeskai Faeries,Mono Blue Faeries,0.0,1,0.0,0.0,0.7934506882081973
Jeskai Synthesizer,Jeskai Ephemerate,1.0,2,0.5,0.09453120463920084,0.9054687953607992
Jeskai Synthesizer,Red Madness,0.0,1,0.0,0.0,0.7934506882081973
Jund Garden,Jund Midrange,3.0,7,0.42857142857142855,0.15821985399244537,0.7495416372469643
Jund Garden,Grixis Affinity,4.0,6,0.6666666666666666,0.29999331299474324,0.9032285897864654
Jund Garden,Mono Blue Terror,1.0,6,0.16666666666666666,0.030053369411815023,0.5635028250257673
Jund Garden,Gates,2.0,4,0.5,0.15003898774401986,0.8499610122559802
Jund Garden,Dimir Faeries,2.0,3,0.6666666666666666,0.2076595988078242,0.9385080559790691
Jund Garden,Mono Red Burn,2.0,3,0.6666666666666666,0.2076595988078242,0.9385080559790691
Jund Garden,Red Madness,3.0,3,1.0,0.43850296436068037,1.0
Jund Garden,Spy Combo,1.0,3,0.3333333333333333,0.06149194402093078,0.7923404011921757
Jund Garden,Altar Tron,2.0,2,1.0,0.3423802239546494,1.0
Jund Garden,Azorius Familiars,2.0,2,1.0,0.3423802239546494,1.0
Jund Garden,Gruul Ramp,0.0,2,0.0,0.0,0.6576197760453506
Jund Garden,Orzhov Midrange,2.0,2,1.0,0.3423802239546494,1.0
Jund Garden,Ruby Storm,1.0,2,0.5,0.09453120463920084,0.9054687953607992
Jund Garden,Turbo Fog,1.0,2,0.5,0.09453120463920084,0.9054687953607992
Jund Garden,Abzan Garden,0.0,1,0.0,0.0,0.7934506882081973
Jund Garden,Aura Bogles,1.0,1,1.0,0.2065493117918027,1.0
Jund Garden,Boros Synthesizer,1.0,1,1.0,0.2065493117918027,1.0
Jund Garden,Dimir Midrange,0.0,1,0.0,0.0,0.7934506882081973
Jund Garden,Elves,0.0,1,0.0,0.0,0.7934506882081973
Jund Garden,Ephemerate Tron,0.0,1,0.0,0.0,0.7934506882081973
Jund Garden,Esper Affinity,1.0,1,1.0,0.2065493117918027,1.0
Jund Garden,Jeskai Ephemerate,1.0,1,1.0,0.2065493117918027,1.0
Jund Garden,Mono Black Sacrifice,0.0,1,0.0,0.0,0.7934506882081973
Jund Garden,Rakdos Madness,0.0,1,0.0,0.0,0.7934506882081973
Jund Garden,Red Rally,1.0,1,1.0,0.2065493117918027,1.0
Jund Garden,Simic Faeries,1.0,1,1.0,0.2065493117918027,1.0
Jund Garden,Temur Ramp,1.0,1,1.0,0.2065493117918027,1.0
Jund Garden,Tireless Tribe,1.0,1,1.0,0.2065493117918027,1.0
Jund Garden,Tron,1.0,1,1.0,0.2065493117918027,1.0
Jund Garden,White Aggro,1.0,1,1.0,0.2065493117918027,1.0
Jund Graveyard,Red Madness,5.0,12,0.4166666666666667,0.1932603124346072,0.6804886891575758
Jund Graveyard,Mono Blue Terror,5.0,10,0.5,0.23659308901147935,0.7634069109885206
Jund Graveyard,Gates,4.0,7,0.5714285714285714,0.25045836275303557,0.8417801460075546
Jund Graveyard,Jund Midrange,2.0,7,0.2857142857142857,0.08221892324928332,0.6410655504689458
Jund Graveyard,Dimir Faeries,2.0,4,0.5,0.15003898774401986,0.8499610122559802
Jund Graveyard,Dimir Terror,2.0,4,0.5,0.15003898774401986,0.8499610122559802
Jund Graveyard,Elves,2.0,4,0.5,0.15003898774401986,0.8499610122559802
Jund Graveyard,Grixis Affinity,2.0,4,0.5,0.15003898774401986,0.8499610122559802
Jund Graveyard,Jeskai Ephemerate,3.0,4,0.75,0.3006418400969081,0.954412739704631
Jund Graveyard,Rakdos Madness,1.0,4,0.25,0.04558726029536886,0.6993581599030918
Jund Graveyard,Azorius Familiars,1.0,3,0.3333333333333333,0.06149194402093078,0.7923404011921757
Jund Graveyard,Caw Gates,2.0,3,0.6666666666666666,0.2076595988078242,0.9385080559790691
Jund Graveyard,Red Rally,0.0,3,0.0,0.0,0.5614970356393196
Jund Graveyard,Turbo Fog,2.0,3,0.6666666666666666,0.2076595988078242,0.9385080559790691
Jund Graveyard,White Aggro,1.0,3,0.3333333333333333,0.06149194402093078,0.7923404011921757
Jund Graveyard,Golgari Garden,2.0,2,1.0,0.3423802239546494,1.0
Jund Graveyard,Golgari Midrange,1.0,2,0.5,0.09453120463920084,0.9054687953607992
Jund Graveyard,Mono Blue Faeries,1.0,2,0.5,0.09453120463920084,0.9054687953607992
Jund Graveyard,Tireless Tribe,1.0,2,0.5,0.09453120463920084,0.9054687953607992
Jund Graveyard,Tron,1.0,2,0.5,0.09453120463920084,0.9054687953607992
Jund Graveyard,Abzan Linfelink,0.0,1,0.0,0.0,0.7934506882081973
Jund Graveyard,Altar Tron,0.0,1,0.0,0.0,0.7934506882081973
Jund Graveyard,Aura Bogles,1.0,1,1.0,0.2065493117918027,1.0
Jund Graveyard,Dimir Affinity,0.0,1,0.0,0.0,0.7934506882081973
Jund Graveyard,Ephemerate Tron,0.0,1,0.0,0.0,0.7934506882081973
Jund Graveyard,Golgari Linfelink,1.0,1,1.0,0.2065493117918027,1.0
Jund Graveyard,Gruul Ponza,1.0,1,1.0,0.2065493117918027,1.0
Jund Graveyard,Gruul Ramp,1.0,1,1.0,0.2065493117918027,1.0
Jund Graveyard,Izzet Terror,1.0,1,1.0,0.2065493117918027,1.0
Jund Graveyard,Mardu Synthesizer,1.0,1,1.0,0.2065493117918027,1.0
Jund Graveyard,Mono Black Sacrifice,0.0,1,0.0,0.0,0.7934506882081973
Jund Graveyard,Mono Blue Control,1.0,1,1.0,0.2065493117918027,1.0
Jund Graveyard,Mono Red Burn,1.0,1,1.0,0.2065493117918027,1.0
Jund Graveyard,Orzhov Midrange,0.0,1,0.0,0.0,0.7934506882081973
Jund Graveyard,Simic Faeries,1.0,1,1.0,0.2065493117918027,1.0
Jund Graveyard,Simic Graveyard,1.0,1,1.0,0.2065493117918027,1.0
Jund Graveyard,Zubera Storm,1.0,1,1.0,0.2065493117918027,1.0
Jund Midrange,Grixis Affinity,60.5,99,0.6111111111111112,0.5126507448822748,0.7012707634210384
Jund Midrange,Red Madness,24.0,72,0.3333333333333333,0.23534643375597977,0.4482039573623684
Jund Midrange,Elves,22.0,52,0.4230769230769231,0.2986805199585696,0.5580567472928849
Jund Midrange,Mono Blue Terror,22.0,49,0.4489795918367347,0.3185284097590686,0.5868489188413378
Jund Midrange,Gates,20.0,44,0.45454545454545453,0.3170523404505564,0.5993381690879427
Jund Midrange,White Aggro,19.0,43,0.4418604651162791,0.3043330974292391,0.5889238565723254
Jund Midrange,Red Rally,21.0,38,0.5526315789473685,0.39706297006975455,0.6985359910311952
Jund Midrange,Spy Combo,21.0,37,0.5675675675675675,0.4091418097222649,0.7132828082261852
Jund Midrange,Rakdos Madness,18.0,34,0.5294117647058824,0.36736712863069904,0.6854849563344647
Jund Midrange,Dimir Terror,19.0,33,0.5757575757575758,0.4080726321297921,0.7276440346859849
Jund Midrange,Tron,17.0,32,0.53125,0.36449516999131165,0.6913061300233958
Jund Midrange,Dimir Faeries,12.0,27,0.4444444444444444,0.275858580651977,0.626869756177142
Jund Midrange,Jeskai Ephemerate,17.0,27,0.6296296296296297,0.44229234270537493,0.7846748713600142
Jund Midrange,Turbo Fog,10.0,27,0.37037037037037035,0.21532512863998593,0.5577076572946251
Jund Midrange,Golgari Garden,11.0,26,0.4230769230769231,0.25544443204877254,0.6105138638940871
Jund Midrange,Gruul Ramp,7.0,21,0.3333333333333333,0.1719475251228901,0.5462654818728245
Jund Midrange,Tireless Tribe,10.0,21,0.47619047619047616,0.28344005975415376,0.6763046555309483
Jund Midrange,Mono Blue Faeries,7.0,19,0.3684210526315789,0.19149512641954003,0.5896046699645555
Jund Midrange,Azorius Familiars,8.0,17,0.47058823529411764,0.2616510631137911,0.6903676508497769
Jund Midrange,Mono Black Sacrifice,12.0,15,0.8,0.5481455107594471,0.9295245070826608
Jund Midrange,Gruul Ponza,7.0,14,0.5,0.2679920230881164,0.7320079769118836
Jund Midrange,Altar Tron,7.0,13,0.5384615384615384,0.29143795558562896,0.7679393232503864
Jund Midrange,Golgari Midrange,3.0,13,0.23076923076923078,0.08179528654269594,0.5025637616051964
Jund Midrange,Orzhov Midrange,6.0,11,0.5454545454545454,0.2800915357859759,0.7872872851236217
Jund Midrange,Ruby Storm,2.0,11,0.18181818181818182,0.051367689278583956,0.47698056435423286
Jund Midrange,Aura Bogles,2.0,10,0.2,0.05668215093776685,0.5098375308778678
Jund Midrange,Ephemerate Tron,7.0,8,0.875,0.5291118149439162,0.9775825088000281
Jund Midrange,Mono Red Burn,3.0,8,0.375,0.13684428473912286,0.694257607346229
Jund Midrange,Jund Garden,4.0,7,0.5714285714285714,0.25045836275303557,0.8417801460075546
Jund Midrange,Jund Graveyard,5.0,7,0.7142857142857143,0.3589344495310541,0.9177810767507166
Jund Midrange,Boros Synthesizer,0.0,6,0.0,0.0,0.39033429165637346
Jund Midrange,Burn,2.0,6,0.3333333333333333,0.09677141021353453,0.7000066870052566
Jund Midrange,Izzet Terror,3.0,6,0.5,0.18761630498040816,0.8123836950195918
Jund Midrange,Mono White Heroic,4.0,6,0.6666666666666666,0.29999331299474324,0.9032285897864654
Jund Midrange,Caw Gates,4.0,5,0.8,0.375534627029995,0.9637758917743693
Jund Midrange,Cycle Storm,0.0,4,0.0,0.0,0.4898908403969213
Jund Midrange,Mardu Synthesizer,3.0,4,0.75,0.3006418400969081,0.954412739704631
Jund Midrange,Simic Faeries,1.0,4,0.25,0.04558726029536886,0.6993581599030918
Jund Midrange,Temur Control,1.0,4,0.25,0.04558726029536886,0.6993581599030918
Jund Midrange,Walls Combo,2.0,4,0.5,0.15003898774401986,0.8499610122559802
Jund Midrange,Esper Familiars,2.0,3,0.6666666666666666,0.2076595988078242,0.9385080559790691
Jund Midrange,Simic Control,2.0,3,0.6666666666666666,0.2076595988078242,0.9385080559790691
Jund Midrange,Dimir Affinity,1.0,2,0.5,0.09453120463920084,0.9054687953607992
Jund Midrange,Dimir Midrange,2.0,2,1.0,0.3423802239546494,1.0
Jund Midrange,Esper Midrange,1.0,2,0.5,0.09453120463920084,0.9054687953607992
Jund Midrange,Golgari Linfelink,1.0,2,0.5,0.09453120463920084,0.9054687953607992
Jund Midrange,Gruul Garden,1.0,2,0.5,0.09453120463920084,0.9054687953607992
Jund Midrange,Infect,1.0,2,0.5,0.09453120463920084,0.9054687953607992
Jund Midrange,Mono B Devotion,1.0,2,0.5,0.09453120463920084,0.9054687953607992
Jund Midrange,Mono Red Graveyard,0.0,2,0.0,0.0,0.6576197760453506
Jund Midrange,Mono Red Kiln Fiend,1.0,2,0.5,0.09453120463920084,0.9054687953607992
Jund Midrange,Simic Ramp,2.0,2,1.0,0.3423802239546494,1.0
Jund Midrange,Slivers,0.0,2,0.0,0.0,0.6576197760453506
Jund Midrange,Temur Ramp,0.0,2,0.0,0.0,0.6576197760453506
Jund Midrange,Abzan Garden,1.0,1,1.0,0.2065493117918027,1.0
Jund Midrange,Azorius Faeries,0.0,1,0.0,0.0,0.7934506882081973
Jund Midrange,Azorius Midrange,1.0,1,1.0,0.2065493117918027,1.0
Jund Midrange,Esper Affinity,1.0,1,1.0,0.2065493117918027,1.0
Jund Midrange,Esper Control,1.0,1,1.0,0.2065493117918027,1.0
Jund Midrange,Esper Ephemerate,0.0,1,0.0,0.0,0.7934506882081973
Jund Midrange,Golgari Ramp,0.0,1,0.0,0.0,0.7934506882081973
Jund Midrange,Grixis Ephemerate,0.0,1,0.0,0.0,0.7934506882081973
Jund Midrange,Gruul Midrange,1.0,1,1.0,0.2065493117918027,1.0
Jund Midrange,Izzet Affinity,0.0,1,0.0,0.0,0.7934506882081973
Jund Midrange,Jund Pestilence,0.0,1,0.0,0.0,0.7934506882081973
Jund Midrange,Mardu Affinity,1.0,1,1.0,0.2065493117918027,1.0
Jund Midrange,Mardu Midrange,0.0,1,0.0,0.0,0.7934506882081973
Jund Midrange,Mono Black Pestilence,1.0,1,1.0,0.2065493117918027,1.0
Jund Midrange,Mono White Ephemerate,1.0,1,1.0,0.2065493117918027,1.0
Jund Midrange,Naya Ramp,1.0,1,1.0,0.2065493117918027,1.0
Jund Midrange,Rakdos Affinity,1.0,1,1.0,0.2065493117918027,1.0
Jund Midrange,Selesnya Ramp,0.0,1,0.0,0.0,0.7934506882081973
Jund Midrange,Serpentine Curve,1.0,1,1.0,0.2065493117918027,1.0
Jund Midrange,Simic Graveyard,0.0,1,0.0,0.0,0.7934506882081973
Jund Midrange,Sultai Proliferate Poison,0.0,1,0.0,0.0,0.7934506882081973
Jund Midrange,UBRG Proliferate Poison,0.0,1,0.0,0.0,0.7934506882081973
Jund Midrange,WUBR Affinity,0.0,1,0.0,0.0,0.7934506882081973
Jund Midrange,WURG Ephemerate,0.0,1,0.0,0.0,0.7934506882081973
Jund Pestilence,Red Rally,0.0,2,0.0,0.0,0.6576197760453506
Jund Pestilence,Elves,1.0,1,1.0,0.2065493117918027,1.0
Jund Pestilence,Jund Midrange,1.0,1,1.0,0.2065493117918027,1.0
Jund Pestilence,Mono Blue Terror,0.0,1,0.0,0.0,0.7934506882081973
Jund Pestilence,Red Madness,1.0,1,1.0,0.2065493117918027,1.0
Mardu Affinity,Dimir Terror,1.0,1,1.0,0.2065493117918027,1.0
Mardu Affinity,Ephemerate Tron,1.0,1,1.0,0.2065493117918027,1.0
Mardu Affinity,Gruul Ponza,0.0,1,0.0,0.0,0.7934506882081973
Mardu Affinity,Jund Midrange,0.0,1,0.0,0.0,0.7934506882081973
Mardu Affinity,WURG Ephemerate,0.0,1,0.0,0.0,0.7934506882081973
Mardu Ephemerate,Tron,1.0,3,0.3333333333333333,0.06149194402093078,0.7923404011921757
Mardu Ephemerate,Red Rally,0.0,2,0.0,0.0,0.6576197760453506
Mardu Ephemerate,Turbo Fog,0.0,2,0.0,0.0,0.6576197760453506
Mardu Ephemerate,White Aggro,1.0,2,0.5,0.09453120463920084,0.9054687953607992
Mardu Ephemerate,5c Ephemerate,1.0,1,1.0,0.2065493117918027,1.0
Mardu Ephemerate,Golgari Garden,0.0,1,0.0,0.0,0.7934506882081973
Mardu Ephemerate,Grixis Affinity,0.0,1,0.0,0.0,0.7934506882081973
Mardu Ephemerate,Orzhov Midrange,0.0,1,0.0,0.0,0.7934506882081973
Mardu Ephemerate,Sultai Proliferate Poison,0.0,1,0.0,0.0,0.7934506882081973
Mardu Midrange,Red Rally,2.0,3,0.6666666666666666,0.2076595988078242,0.9385080559790691
Mardu Midrange,Dimir Faeries,1.0,2,0.5,0.09453120463920084,0.9054687953607992
Mardu Midrange,Grixis Affinity,1.0,2,0.5,0.09453120463920084,0.9054687953607992
Mardu Midrange,Jeskai Ephemerate,1.0,2,0.5,0.09453120463920084,0.9054687953607992
Mardu Midrange,Ruby Storm,1.0,2,0.5,0.09453120463920084,0.9054687953607992
Mardu Midrange,Altar Tron,0.0,1,0.0,0.0,0.7934506882081973
Mardu Midrange,Azorius Familiars,0.0,1,0.0,0.0,0.7934506882081973
Mardu Midrange,Burn,0.0,1,0.0,0.0,0.7934506882081973
Mardu Midrange,Elves,0.0,1,0.0,0.0,0.7934506882081973
Mardu Midrange,Jund Midrange,1.0,1,1.0,0.2065493117918027,1.0
Mardu Midrange,Mono Blue Terror,1.0,1,1.0,0.2065493117918027,1.0
Mardu Midrange,Red Madness,0.0,1,0.0,0.0,0.7934506882081973
Mardu Midrange,Tron,1.0,1,1.0,0.2065493117918027,1.0
Mardu Synthesizer,Red Rally,4.0,7,0.5714285714285714,0.25045836275303557,0.8417801460075546
Mardu Synthesizer,Grixis Affinity,3.0,5,0.6,0.23072427940911855,0.8823792268590028
Mardu Synthesizer,Red Madness,1.0,5,0.2,0.03622410822563066,0.6244653729700049
Mardu Synthesizer,Tron,4.0,5,0.8,0.375534627029995,0.9637758917743693
Mardu Synthesizer,Dimir Faeries,1.0,4,0.25,0.04558726029536886,0.6993581599030918
Mardu Synthesizer,Elves,2.0,4,0.5,0.15003898774401986,0.8499610122559802
Mardu Synthesizer,Gates,3.0,4,0.75,0.3006418400969081,0.954412739704631
Mardu Synthesizer,Jund Midrange,1.0,4,0.25,0.04558726029536886,0.6993581599030918
Mardu Synthesizer,Rakdos Madness,1.0,4,0.25,0.04558726029536886,0.6993581599030918
Mardu Synthesizer,Dimir Terror,1.0,3,0.3333333333333333,0.06149194402093078,0.7923404011921757
Mardu Synthesizer,White Aggro,1.0,3,0.3333333333333333,0.06149194402093078,0.7923404011921757
Mardu Synthesizer,Altar Tron,1.0,2,0.5,0.09453120463920084,0.9054687953607992
Mardu Synthesizer,Azorius Familiars,0.0,2,0.0,0.0,0.6576197760453506
Mardu Synthesizer,Mono Blue Terror,1.0,2,0.5,0.09453120463920084,0.9054687953607992
Mardu Synthesizer,Mono Red Burn,0.0,2,0.0,0.0,0.6576197760453506
Mardu Synthesizer,Mono White Heroic,1.0,2,0.5,0.09453120463920084,0.9054687953607992
Mardu Synthesizer,Spy Combo,0.0,2,0.0,0.0,0.6576197760453506
Mardu Synthesizer,Azorius Midrange,0.0,1,0.0,0.0,0.7934506882081973
Mardu Synthesizer,Boros Synthesizer,1.0,1,1.0,0.2065493117918027,1.0
Mardu Synthesizer,Caw Gates,0.0,1,0.0,0.0,0.7934506882081973
Mardu Synthesizer,Ephemerate Tron,1.0,1,1.0,0.2065493117918027,1.0
Mardu Synthesizer,Golgari Garden,0.0,1,0.0,0.0,0.7934506882081973
Mardu Synthesizer,Izzet Terror,1.0,1,1.0,0.2065493117918027,1.0
Mardu Synthesizer,Jeskai Ephemerate,1.0,1,1.0,0.2065493117918027,1.0
Mardu Synthesizer,Jund Graveyard,0.0,1,0.0,0.0,0.7934506882081973
Mardu Synthesizer,Mono B Devotion,0.0,1,0.0,0.0,0.7934506882081973
Mardu Synthesizer,Zubera Storm,1.0,1,1.0,0.2065493117918027,1.0
Mono B Devotion,Grixis Affinity,1.0,5,0.2,0.03622410822563066,0.6244653729700049
Mono B Devotion,Tron,2.0,4,0.5,0.15003898774401986,0.8499610122559802
Mono B Devotion,Turbo Fog,1.0,3,0.3333333333333333,0.06149194402093078,0.7923404011921757
Mono B Devotion,Boros Synthesizer,1.0,2,0.5,0.09453120463920084,0.9054687953607992
Mono B Devotion,Jund Midrange,1.0,2,0.5,0.09453120463920084,0.9054687953607992
Mono B Devotion,Rakdos Madness,0.0,2,0.0,0.0,0.6576197760453506
Mono B Devotion,Altar Tron,0.0,1,0.0,0.0,0.7934506882081973
Mono B Devotion,Caw Gates,0.0,1,0.0,0.0,0.7934506882081973
Mono B Devotion,Dimir Faeries,0.0,1,0.0,0.0,0.7934506882081973
Mono B Devotion,Dimir Terror,0.0,1,0.0,0.0,0.7934506882081973
Mono B Devotion,Gates,0.0,1,0.0,0.0,0.7934506882081973
Mono B Devotion,Golgari Garden,0.0,1,0.0,0.0,0.7934506882081973
Mono B Devotion,Golgari Midrange,0.0,1,0.0,0.0,0.7934506882081973
Mono B Devotion,Gruul Synthesizer,0.0,1,0.0,0.0,0.7934506882081973
Mono B Devotion,Jeskai Ephemerate,0.0,1,0.0,0.0,0.7934506882081973
Mono B Devotion,Mardu Synthesizer,1.0,1,1.0,0.2065493117918027,1.0
Mono B Devotion,Mono Green Garden,0.0,1,0.0,0.0,0.7934506882081973
Mono B Devotion,Red Madness,0.0,1,0.0,0.0,0.7934506882081973
Mono B Devotion,Red Rally,0.0,1,0.0,0.0,0.7934506882081973
Mono Black Affinity,Grixis Affinity,0.0,1,0.0,0.0,0.7934506882081973
Mono Black Midrange,Rakdos Madness,1.0,3,0.3333333333333333,0.06149194402093078,0.7923404011921757
Mono Black Midrange,Red Madness,0.0,3,0.0,0.0,0.5614970356393196
Mono Black Midrange,Spy Combo,0.0,3,0.0,0.0,0.5614970356393196
Mono Black Midrange,Altar Tron,0.0,2,0.0,0.0,0.6576197760453506
Mono Black Midrange,Aura Bogles,1.0,2,0.5,0.09453120463920084,0.9054687953607992
Mono Black Midrange,Dimir Faeries,2.0,2,1.0,0.3423802239546494,1.0
Mono Black Midrange,Elves,1.0,2,0.5,0.09453120463920084,0.9054687953607992
Mono Black Midrange,Gates,0.0,2,0.0,0.0,0.6576197760453506
Mono Black Midrange,Mono Blue Faeries,1.0,2,0.5,0.09453120463920084,0.9054687953607992
Mono Black Midrange,Red Rally,0.0,2,0.0,0.0,0.6576197760453506
Mono Black Midrange,Dimir Midrange,0.0,1,0.0,0.0,0.7934506882081973
Mono Black Midrange,Golgari Midrange,0.0,1,0.0,0.0,0.7934506882081973
Mono Black Midrange,Gruul Garden,0.0,1,0.0,0.0,0.7934506882081973
Mono Black Midrange,Gruul Ponza,1.0,1,1.0,0.2065493117918027,1.0
Mono Black Midrange,Gruul Ramp,0.0,1,0.0,0.0,0.7934506882081973
Mono Black Midrange,Infect,1.0,1,1.0,0.2065493117918027,1.0
Mono Black Midrange,Mono White Midrange,0.0,1,0.0,0.0,0.7934506882081973
Mono Black Midrange,Rakdos Affinity,0.0,1,0.0,0.0,0.7934506882081973
Mono Black Midrange,Ruby Storm,1.0,1,1.0,0.2065493117918027,1.0
Mono Black Midrange,Selesnya Ramp,1.0,1,1.0,0.2065493117918027,1.0
Mono Black Midrange,Walls Combo,0.0,1,0.0,0.0,0.7934506882081973
Mono Black Pestilence,Red Madness,1.0,4,0.25,0.04558726029536886,0.6993581599030918
Mono Black Pestilence,Tron,1.0,2,0.5,0.09453120463920084,0.9054687953607992
Mono Black Pestilence,Jund Midrange,0.0,1,0.0,0.0,0.7934506882081973
Mono Black Pestilence,Orzhov Midrange,1.0,1,1.0,0.2065493117918027,1.0
Mono Black Pestilence,Rakdos Madness,0.0,1,0.0,0.0,0.7934506882081973
Mono Black Pestilence,Simic Control,0.0,1,0.0,0.0,0.7934506882081973
Mono Black Pestilence,Spy Combo,0.0,1,0.0,0.0,0.7934506882081973
Mono Black Sacrifice,Red Madness,8.0,19,0.42105263157894735,0.23141891166171535,0.637240966168742
Mono Black Sacrifice,Grixis Affinity,4.0,18,0.2222222222222222,0.09000928045845544,0.45214584506003586
Mono Black Sacrifice,Red Rally,9.0,16,0.5625,0.3317855624393811,0.7690134771859434
Mono Black Sacrifice,Jund Midrange,3.0,15,0.2,0.0704754929173392,0.45185448924055305
Mono Black Sacrifice,Dimir Faeries,5.0,13,0.38461538461538464,0.17709707685632237,0.6447710866356315
Mono Black Sacrifice,Mono Blue Terror,4.0,13,0.3076923076923077,0.12680703567070326,0.5763065701492199
Mono Black Sacrifice,Tron,8.0,11,0.7272727272727273,0.4343546966810743,0.9025394078669138
Mono Black Sacrifice,Ephemerate Tron,8.0,10,0.8,0.4901624691221323,0.9433178490622331
Mono Black Sacrifice,Elves,4.0,9,0.4444444444444444,0.18877851977054566,0.7333487081991259
Mono Black Sacrifice,White Aggro,5.0,9,0.5555555555555556,0.26665129180087416,0.8112214802294544
Mono Black Sacrifice,Rakdos Madness,4.0,8,0.5,0.21521606069626764,0.7847839393037324
Mono Black Sacrifice,Azorius Familiars,3.0,7,0.42857142857142855,0.15821985399244537,0.7495416372469643
Mono Black Sacrifice,Gates,2.0,7,0.2857142857142857,0.08221892324928332,0.6410655504689458
Mono Black Sacrifice,Gruul Ponza,4.0,7,0.5714285714285714,0.25045836275303557,0.8417801460075546
Mono Black Sacrifice,Jeskai Ephemerate,4.0,6,0.6666666666666666,0.29999331299474324,0.9032285897864654
Mono Black Sacrifice,Mono Blue Faeries,2.0,6,0.3333333333333333,0.09677141021353453,0.7000066870052566
Mono Black Sacrifice,Spy Combo,0.0,6,0.0,0.0,0.39033429165637346
Mono Black Sacrifice,Altar Tron,3.0,5,0.6,0.23072427940911855,0.8823792268590028
Mono Black Sacrifice,Dimir Terror,3.0,5,0.6,0.23072427940911855,0.8823792268590028
Mono Black Sacrifice,Golgari Garden,2.0,5,0.4,0.11762077314099711,0.7692757205908813
Mono Black Sacrifice,Golgari Midrange,2.0,4,0.5,0.15003898774401986,0.8499610122559802
Mono Black Sacrifice,Gruul Ramp,4.0,4,1.0,0.5101091596030786,0.9999999999999999
Mono Black Sacrifice,Tireless Tribe,2.0,4,0.5,0.15003898774401986,0.8499610122559802
Mono Black Sacrifice,Turbo Fog,1.0,4,0.25,0.04558726029536886,0.6993581599030918
Mono Black Sacrifice,Aura Bogles,2.0,3,0.6666666666666666,0.2076595988078242,0.9385080559790691
Mono Black Sacrifice,Caw Gates,1.0,3,0.3333333333333333,0.06149194402093078,0.7923404011921757
Mono Black Sacrifice,Mono Red Burn,1.0,3,0.3333333333333333,0.06149194402093078,0.7923404011921757
Mono Black Sacrifice,Ruby Storm,2.0,3,0.6666666666666666,0.2076595988078242,0.9385080559790691
Mono Black Sacrifice,Simic Graveyard,2.0,3,0.6666666666666666,0.2076595988078242,0.9385080559790691
Mono Black Sacrifice,Azorius Faeries,1.0,2,0.5,0.09453120463920084,0.9054687953607992
Mono Black Sacrifice,Boros Synthesizer,1.0,2,0.5,0.09453120463920084,0.9054687953607992
Mono Black Sacrifice,Izzet Terror,1.0,2,0.5,0.09453120463920084,0.9054687953607992
Mono Black Sacrifice,Mono White Heroic,0.0,2,0.0,0.0,0.6576197760453506
Mono Black Sacrifice,Orzhov Midrange,0.0,2,0.0,0.0,0.6576197760453506
Mono Black Sacrifice,Dimir Affinity,0.0,1,0.0,0.0,0.7934506882081973
Mono Black Sacrifice,Dimir Midrange,1.0,1,1.0,0.2065493117918027,1.0
Mono Black Sacrifice,Esper Familiars,1.0,1,1.0,0.2065493117918027,1.0
Mono Black Sacrifice,Golgari Linfelink,1.0,1,1.0,0.2065493117918027,1.0
Mono Black Sacrifice,Izzet Control,1.0,1,1.0,0.2065493117918027,1.0
Mono Black Sacrifice,Jund Garden,1.0,1,1.0,0.2065493117918027,1.0
Mono Black Sacrifice,Jund Graveyard,1.0,1,1.0,0.2065493117918027,1.0
Mono Black Sacrifice,Rakdos Goblins,1.0,1,1.0,0.2065493117918027,1.0
Mono Black Sacrifice,Rakdos Midrange,1.0,1,1.0,0.2065493117918027,1.0
Mono Black Sacrifice,Simic Faeries,1.0,1,1.0,0.2065493117918027,1.0
Mono Black Sacrifice,Sultai Ephemerate,1.0,1,1.0,0.2065493117918027,1.0
Mono Black Sacrifice,Sultai Proliferate Poison,1.0,1,1.0,0.2065493117918027,1.0
Mono Black Sacrifice,UBRG Proliferate Poison,0.0,1,0.0,0.0,0.7934506882081973
Mono Blue Control,Esper Familiars,0.0,1,0.0,0.0,0.7934506882081973
Mono Blue Control,Grixis Affinity,0.0,1,0.0,0.0,0.7934506882081973
Mono Blue Control,Jund Graveyard,0.0,1,0.0,0.0,0.7934506882081973
Mono Blue Control,Mono Blue Terror,0.0,1,0.0,0.0,0.7934506882081973
Mono Blue Faeries,Grixis Affinity,23.0,52,0.4423076923076923,0.3159505672941524,0.5766023831444385
Mono Blue Faeries,Red Madness,24.0,52,0.46153846153846156,0.33340474589543556,0.5949638877302917
Mono Blue Faeries,Red Rally,16.0,27,0.5925925925925926,0.4072670083159759,0.7548524303021589
Mono Blue Faeries,Rakdos Madness,17.0,26,0.6538461538461539,0.46220571041927194,0.8058776976950087
Mono Blue Faeries,Elves,7.0,24,0.2916666666666667,0.14914648116318613,0.4916769382332005
Mono Blue Faeries,Gates,13.0,24,0.5416666666666666,0.35074865225073715,0.7210866638699854
Mono Blue Faeries,Tron,8.0,24,0.3333333333333333,0.1797219023644938,0.5329368331526154
Mono Blue Faeries,Jund Midrange,12.0,19,0.631578947368421,0.4103953300354444,0.8085048735804599
Mono Blue Faeries,Dimir Faeries,7.0,18,0.3888888888888889,0.2030524646285427,0.6138095855788537
Mono Blue Faeries,Golgari Garden,7.0,18,0.3888888888888889,0.2030524646285427,0.6138095855788537
Mono Blue Faeries,Mono Blue Terror,9.0,18,0.5,0.2903102136885988,0.7096897863114012
Mono Blue Faeries,Spy Combo,12.0,17,0.7058823529411765,0.46866889751771845,0.8672001047373057
Mono Blue Faeries,White Aggro,9.0,17,0.5294117647058824,0.3096323491502231,0.7383489368862088
Mono Blue Faeries,Gruul Ramp,3.0,14,0.21428571428571427,0.07571386653293533,0.4758923079830535
Mono Blue Faeries,Jeskai Ephemerate,8.0,13,0.6153846153846154,0.3552289133643685,0.8229029231436777
Mono Blue Faeries,Dimir Terror,9.0,12,0.75,0.4676946629183366,0.9110583323051143
Mono Blue Faeries,Ephemerate Tron,9.5,12,0.7916666666666666,0.5088141907564914,0.9330643036708681
Mono Blue Faeries,Gruul Ponza,6.0,12,0.5,0.25378159616252394,0.7462184038374761
Mono Blue Faeries,Azorius Familiars,4.0,7,0.5714285714285714,0.25045836275303557,0.8417801460075546
Mono Blue Faeries,Mono White Heroic,3.0,7,0.42857142857142855,0.15821985399244537,0.7495416372469643
Mono Blue Faeries,Caw Gates,2.0,6,0.3333333333333333,0.09677141021353453,0.7000066870052566
Mono Blue Faeries,Golgari Midrange,3.0,6,0.5,0.18761630498040816,0.8123836950195918
Mono Blue Faeries,Mono Black Sacrifice,4.0,6,0.6666666666666666,0.29999331299474324,0.9032285897864654
Mono Blue Faeries,Ruby Storm,4.0,6,0.6666666666666666,0.29999331299474324,0.9032285897864654
Mono Blue Faeries,Tireless Tribe,4.0,6,0.6666666666666666,0.29999331299474324,0.9032285897864654
Mono Blue Faeries,Aura Bogles,1.0,5,0.2,0.03622410822563066,0.6244653729700049
Mono Blue Faeries,Altar Tron,3.0,4,0.75,0.3006418400969081,0.954412739704631
Mono Blue Faeries,Burn,3.0,4,0.75,0.3006418400969081,0.954412739704631
Mono Blue Faeries,Turbo Fog,4.0,4,1.0,0.5101091596030786,0.9999999999999999
Mono Blue Faeries,Walls Combo,2.0,4,0.5,0.15003898774401986,0.8499610122559802
Mono Blue Faeries,Dimir Affinity,3.0,3,1.0,0.43850296436068037,1.0
Mono Blue Faeries,Izzet Terror,1.0,3,0.3333333333333333,0.06149194402093078,0.7923404011921757
Mono Blue Faeries,Orzhov Midrange,2.0,3,0.6666666666666666,0.2076595988078242,0.9385080559790691
Mono Blue Faeries,Black Burn,2.0,2,1.0,0.3423802239546494,1.0
Mono Blue Faeries,Esper Affinity,1.0,2,0.5,0.09453120463920084,0.9054687953607992
Mono Blue Faeries,Golgari Linfelink,2.0,2,1.0,0.3423802239546494,1.0
Mono Blue Faeries,Izzet Control,2.0,2,1.0,0.3423802239546494,1.0
Mono Blue Faeries,Jund Graveyard,1.0,2,0.5,0.09453120463920084,0.9054687953607992
Mono Blue Faeries,Mono Black Midrange,1.0,2,0.5,0.09453120463920084,0.9054687953607992
Mono Blue Faeries,Mono Red Burn,0.0,2,0.0,0.0,0.6576197760453506
Mono Blue Faeries,Mono Red Graveyard,1.0,2,0.5,0.09453120463920084,0.9054687953607992
Mono Blue Faeries,Simic Faeries,1.0,2,0.5,0.09453120463920084,0.9054687953607992
Mono Blue Faeries,Sultai Proliferate Poison,2.0,2,1.0,0.3423802239546494,1.0
Mono Blue Faeries,Tortex,1.0,2,0.5,0.09453120463920084,0.9054687953607992
Mono Blue Faeries,Abzan Garden,1.0,1,1.0,0.2065493117918027,1.0
Mono Blue Faeries,Azorius Ephemerate,1.0,1,1.0,0.2065493117918027,1.0
Mono Blue Faeries,Azorius Midrange,1.0,1,1.0,0.2065493117918027,1.0
Mono Blue Faeries,Boros Synthesizer,0.0,1,0.0,0.0,0.7934506882081973
Mono Blue Faeries,Dimir Midrange,1.0,1,1.0,0.2065493117918027,1.0
Mono Blue Faeries,Esper Midrange,0.0,1,0.0,0.0,0.7934506882081973
Mono Blue Faeries,Grixis Terror,1.0,1,1.0,0.2065493117918027,1.0
Mono Blue Faeries,Gruul Midrange,0.0,1,0.0,0.0,0.7934506882081973
Mono Blue Faeries,Infect,1.0,1,1.0,0.2065493117918027,1.0
Mono Blue Faeries,Jeskai Faeries,1.0,1,1.0,0.2065493117918027,1.0
Mono Blue Faeries,Mono Green Garden,0.0,1,0.0,0.0,0.7934506882081973
Mono Blue Faeries,Mono Red Synthesizer,0.0,1,0.0,0.0,0.7934506882081973
Mono Blue Faeries,Naya Ramp,1.0,1,1.0,0.2065493117918027,1.0
Mono Blue Faeries,Rakdos Affinity,0.0,1,0.0,0.0,0.7934506882081973
Mono Blue Faeries,UBRG Control,0.0,1,0.0,0.0,0.7934506882081973
Mono Blue Faeries,WUBR Affinity,0.0,1,0.0,0.0,0.7934506882081973
Mono Blue Faeries,Zubera Storm,1.0,1,1.0,0.2065493117918027,1.0
Mono Blue Terror,Grixis Affinity,44.0,89,0.4943820224719101,0.3929145015907388,0.5963144483627667
Mono Blue Terror,Red Madness,53.0,83,0.6385542168674698,0.5311967990769955,0.7336536571024521
Mono Blue Terror,Jund Midrange,27.0,49,0.5510204081632653,0.41315108115866206,0.6814715902409312
Mono Blue Terror,Elves,20.0,44,0.45454545454545453,0.3170523404505564,0.5993381690879427
Mono Blue Terror,Red Rally,22.0,44,0.5,0.3583176043720574,0.6416823956279426
Mono Blue Terror,Tron,25.0,44,0.5681818181818182,0.4222414688363042,0.703172766855947
Mono Blue Terror,Gates,12.0,41,0.2926829268292683,0.176091875531421,0.44479467847204524
Mono Blue Terror,Spy Combo,18.0,39,0.46153846153846156,0.3156688550440403,0.6143055184171362
Mono Blue Terror,White Aggro,10.0,34,0.29411764705882354,0.16834630593988026,0.4616890993039748
Mono Blue Terror,Dimir Faeries,8.0,31,0.25806451612903225,0.13701705836780642,0.4324613595393014
Mono Blue Terror,Dimir Terror,15.0,31,0.4838709677419355,0.31970251448435416,0.651596046709453
Mono Blue Terror,Rakdos Madness,14.0,31,0.45161290322580644,0.29161735871855426,0.6222783248628674
Mono Blue Terror,Jeskai Ephemerate,14.0,29,0.4827586206896552,0.3138609003643046,0.6556897823987706
Mono Blue Terror,Ephemerate Tron,16.0,27,0.5925925925925926,0.4072670083159759,0.7548524303021589
Mono Blue Terror,Golgari Garden,9.0,23,0.391304347826087,0.22157622687390552,0.5921447775576323
Mono Blue Terror,Azorius Familiars,8.0,18,0.4444444444444444,0.24559518003796732,0.6628358450657309
Mono Blue Terror,Mono Blue Faeries,9.0,18,0.5,0.2903102136885988,0.7096897863114012
Mono Blue Terror,Golgari Midrange,6.0,17,0.35294117647058826,0.1730972029668777,0.5869963668509622
Mono Blue Terror,Gruul Ramp,10.0,17,0.5882352941176471,0.3600544248492146,0.7838894332600814
Mono Blue Terror,Gruul Ponza,6.0,16,0.375,0.18481232451546453,0.6135895962338866
Mono Blue Terror,Ruby Storm,7.0,16,0.4375,0.23098652281405668,0.6682144375606189
Mono Blue Terror,Turbo Fog,9.0,16,0.5625,0.3317855624393811,0.7690134771859434
Mono Blue Terror,Aura Bogles,9.0,15,0.6,0.35746829954344506,0.8017550397372577
Mono Blue Terror,Mono Black Sacrifice,9.0,13,0.6923076923076923,0.42369342985078007,0.8731929643292967
Mono Blue Terror,Burn,7.0,12,0.5833333333333334,0.31951131084242423,0.8067396875653928
Mono Blue Terror,Jund Graveyard,5.0,10,0.5,0.23659308901147935,0.7634069109885206
Mono Blue Terror,Tireless Tribe,7.0,10,0.7,0.3967781453459709,0.892208733443606
Mono Blue Terror,Izzet Terror,2.0,8,0.25,0.07147921209795555,0.5907245720727483
Mono Blue Terror,Orzhov Midrange,3.0,8,0.375,0.13684428473912286,0.694257607346229
Mono Blue Terror,Altar Tron,5.0,7,0.7142857142857143,0.3589344495310541,0.9177810767507166
Mono Blue Terror,Boros Synthesizer,3.0,6,0.5,0.18761630498040816,0.8123836950195918
Mono Blue Terror,Jund Garden,5.0,6,0.8333333333333334,0.4364971749742326,0.969946630588185
Mono Blue Terror,Mono Red Burn,3.0,6,0.5,0.18761630498040816,0.8123836950195918
Mono Blue Terror,Mono White Heroic,4.0,6,0.6666666666666666,0.29999331299474324,0.9032285897864654
Mono Blue Terror,Caw Gates,2.0,5,0.4,0.11762077314099711,0.7692757205908813
Mono Blue Terror,Dimir Affinity,1.0,5,0.2,0.03622410822563066,0.6244653729700049
Mono Blue Terror,Selesnya Linfelink,1.0,5,0.2,0.03622410822563066,0.6244653729700049
Mono Blue Terror,Simic Control,3.0,5,0.6,0.23072427940911855,0.8823792268590028
Mono Blue Terror,Abzan Garden,3.0,4,0.75,0.3006418400969081,0.954412739704631
Mono Blue Terror,Black Burn,2.0,4,0.5,0.15003898774401986,0.8499610122559802
Mono Blue Terror,Cycle Storm,2.0,4,0.5,0.15003898774401986,0.8499610122559802
Mono Blue Terror,Walls Combo,4.0,4,1.0,0.5101091596030786,0.9999999999999999
Mono Blue Terror,Boros Bully,0.0,3,0.0,0.0,0.5614970356393196
Mono Blue Terror,Dimir Midrange,2.0,3,0.6666666666666666,0.2076595988078242,0.9385080559790691
Mono Blue Terror,Infect,3.0,3,1.0,0.43850296436068037,1.0
Mono Blue Terror,Simic Ramp,3.0,3,1.0,0.43850296436068037,1.0
Mono Blue Terror,Temur Control,3.0,3,1.0,0.43850296436068037,1.0
Mono Blue Terror,Izzet Affinity,2.0,2,1.0,0.3423802239546494,1.0
Mono Blue Terror,Mardu Synthesizer,1.0,2,0.5,0.09453120463920084,0.9054687953607992
Mono Blue Terror,Mono Red Kiln Fiend,2.0,2,1.0,0.3423802239546494,1.0
Mono Blue Terror,Naya Ramp,1.0,2,0.5,0.09453120463920084,0.9054687953607992
Mono Blue Terror,Rakdos Goblins,1.0,2,0.5,0.09453120463920084,0.9054687953607992
Mono Blue Terror,Sultai Faeries,1.0,2,0.5,0.09453120463920084,0.9054687953607992
Mono Blue Terror,UBRG Proliferate Poison,2.0,2,1.0,0.3423802239546494,1.0
Mono Blue Terror,Azorius Ephemerate,1.0,1,1.0,0.2065493117918027,1.0
Mono Blue Terror,Azorius Midrange,1.0,1,1.0,0.2065493117918027,1.0
Mono Blue Terror,Boros Midrange,1.0,1,1.0,0.2065493117918027,1.0
Mono Blue Terror,Dimir Ephemerate,0.0,1,0.0,0.0,0.7934506882081973
Mono Blue Terror,Esper Affinity,0.0,1,0.0,0.0,0.7934506882081973
Mono Blue Terror,Esper Midrange,1.0,1,1.0,0.2065493117918027,1.0
Mono Blue Terror,Grixis Ephemerate,0.0,1,0.0,0.0,0.7934506882081973
Mono Blue Terror,Grixis Terror,0.0,1,0.0,0.0,0.7934506882081973
Mono Blue Terror,Izzet Faeries,1.0,1,1.0,0.2065493117918027,1.0
Mono Blue Terror,Jund Pestilence,1.0,1,1.0,0.2065493117918027,1.0
Mono Blue Terror,Mardu Midrange,0.0,1,0.0,0.0,0.7934506882081973
Mono Blue Terror,Mono Blue Control,1.0,1,1.0,0.2065493117918027,1.0
Mono Blue Terror,Rakdos Affinity,0.0,1,0.0,0.0,0.7934506882081973
Mono Blue Terror,Reanimator,1.0,1,1.0,0.2065493117918027,1.0
Mono Blue Terror,Selesnya Ramp,0.0,1,0.0,0.0,0.7934506882081973
Mono Blue Terror,Slivers,0.0,1,0.0,0.0,0.7934506882081973
Mono Blue Terror,Sultai Affinity,1.0,1,1.0,0.2065493117918027,1.0
Mono Blue Terror,Sultai Proliferate Poison,1.0,1,1.0,0.2065493117918027,1.0
Mono Blue Terror,WBRG Midrange,1.0,1,1.0,0.2065493117918027,1.0
Mono Green Garden,Dimir Terror,0.0,1,0.0,0.0,0.7934506882081973
Mono Green Garden,Mono B Devotion,1.0,1,1.0,0.2065493117918027,1.0
Mono Green Garden,Mono Blue Faeries,1.0,1,1.0,0.2065493117918027,1.0
Mono Green Garden,Mono Red Synthesizer,1.0,1,1.0,0.2065493117918027,1.0
Mono Green Garden,Red Madness,0.0,1,0.0,0.0,0.7934506882081973
Mono Green Garden,Red Rally,1.0,1,1.0,0.2065493117918027,1.0
Mono Green Linfelink,Dimir Faeries,0.0,1,0.0,0.0,0.7934506882081973
Mono Green Linfelink,Rakdos Madness,1.0,1,1.0,0.2065493117918027,1.0
Mono Green Linfelink,Tron,1.0,1,1.0,0.2065493117918027,1.0
Mono Green Linfelink,Turbo Fog,1.0,1,1.0,0.2065493117918027,1.0
Mono Green Ramp,Grixis Affinity,1.0,2,0.5,0.09453120463920084,0.9054687953607992
Mono Green Ramp,Red Rally,1.0,2,0.5,0.09453120463920084,0.9054687953607992
Mono Green Ramp,Golgari Garden,1.0,1,1.0,0.2065493117918027,1.0
Mono Green Ramp,Gruul Ponza,0.0,1,0.0,0.0,0.7934506882081973
Mono Green Ramp,Simic Slime,0.0,1,0.0,0.0,0.7934506882081973
Mono Red Burn,Red Madness,13.0,17,0.7647058823529411,0.5273820168822574,0.9044495574456308
Mono Red Burn,Tron,10.0,16,0.625,0.38641040376611335,0.8151876754845355
Mono Red Burn,Grixis Affinity,9.0,14,0.6428571428571429,0.38764422924295516,0.8365526834990504
Mono Red Burn,White Aggro,4.0,9,0.4444444444444444,0.18877851977054566,0.7333487081991259
Mono Red Burn,Jund Midrange,5.0,8,0.625,0.30574239265377096,0.8631557152608771
Mono Red Burn,Rakdos Madness,1.0,8,0.125,0.022417491199971912,0.47088818505608376
Mono Red Burn,Spy Combo,1.0,8,0.125,0.022417491199971912,0.47088818505608376
Mono Red Burn,Gates,3.0,7,0.42857142857142855,0.15821985399244537,0.7495416372469643
Mono Red Burn,Gruul Ponza,1.0,6,0.16666666666666666,0.030053369411815023,0.5635028250257673
Mono Red Burn,Mono Blue Terror,3.0,6,0.5,0.18761630498040816,0.8123836950195918
Mono Red Burn,Azorius Familiars,3.0,5,0.6,0.23072427940911855,0.8823792268590028
Mono Red Burn,Ruby Storm,4.0,5,0.8,0.375534627029995,0.9637758917743693
Mono Red Burn,Altar Tron,1.0,4,0.25,0.04558726029536886,0.6993581599030918
Mono Red Burn,Dimir Faeries,4.0,4,1.0,0.5101091596030786,0.9999999999999999
Mono Red Burn,Dimir Terror,3.0,4,0.75,0.3006418400969081,0.954412739704631
Mono Red Burn,Jeskai Ephemerate,1.0,3,0.3333333333333333,0.06149194402093078,0.7923404011921757
Mono Red Burn,Jund Garden,1.0,3,0.3333333333333333,0.06149194402093078,0.7923404011921757
Mono Red Burn,Mono Black Sacrifice,2.0,3,0.6666666666666666,0.2076595988078242,0.9385080559790691
Mono Red Burn,Mono White Heroic,1.0,3,0.3333333333333333,0.06149194402093078,0.7923404011921757
Mono Red Burn,Red Rally,1.0,3,0.3333333333333333,0.06149194402093078,0.7923404011921757
Mono Red Burn,Turbo Fog,2.0,3,0.6666666666666666,0.2076595988078242,0.9385080559790691
Mono Red Burn,Elves,1.0,2,0.5,0.09453120463920084,0.9054687953607992
Mono Red Burn,Esper Familiars,1.0,2,0.5,0.09453120463920084,0.9054687953607992
Mono Red Burn,Golgari Garden,1.0,2,0.5,0.09453120463920084,0.9054687953607992
Mono Red Burn,Gruul Ramp,1.0,2,0.5,0.09453120463920084,0.9054687953607992
Mono Red Burn,Mardu Synthesizer,2.0,2,1.0,0.3423802239546494,1.0
Mono Red Burn,Mono Blue Faeries,2.0,2,1.0,0.3423802239546494,1.0
Mono Red Burn,Black Burn,1.0,1,1.0,0.2065493117918027,1.0
Mono Red Burn,Boros Synthesizer,0.0,1,0.0,0.0,0.7934506882081973
Mono Red Burn,Burn,1.0,1,1.0,0.2065493117918027,1.0
Mono Red Burn,Caw Gates,0.0,1,0.0,0.0,0.7934506882081973
Mono Red Burn,Dimir Affinity,0.0,1,0.0,0.0,0.7934506882081973
Mono Red Burn,Ephemerate Tron,1.0,1,1.0,0.2065493117918027,1.0
Mono Red Burn,Esper Midrange,1.0,1,1.0,0.2065493117918027,1.0
Mono Red Burn,Golgari Midrange,0.0,1,0.0,0.0,0.7934506882081973
Mono Red Burn,Infect,1.0,1,1.0,0.2065493117918027,1.0
Mono Red Burn,Izzet Terror,0.0,1,0.0,0.0,0.7934506882081973
Mono Red Burn,Jund Graveyard,0.0,1,0.0,0.0,0.7934506882081973
Mono Red Burn,Mono Red Kiln Fiend,1.0,1,1.0,0.2065493117918027,1.0
Mono Red Burn,Orzhov Midrange,0.0,1,0.0,0.0,0.7934506882081973
Mono Red Burn,Rakdos Affinity,0.0,1,0.0,0.0,0.7934506882081973
Mono Red Burn,Simic Graveyard,1.0,1,1.0,0.2065493117918027,1.0
Mono Red Burn,Slivers,1.0,1,1.0,0.2065493117918027,1.0
Mono Red Burn,Sultai Proliferate Poison,1.0,1,1.0,0.2065493117918027,1.0
Mono Red Burn,Tireless Tribe,0.0,1,0.0,0.0,0.7934506882081973
Mono Red Burn,Walls Combo,1.0,1,1.0,0.2065493117918027,1.0
Mono Red Graveyard,Rakdos Madness,2.0,4,0.5,0.15003898774401986,0.8499610122559802
Mono Red Graveyard,Gates,2.0,3,0.6666666666666666,0.2076595988078242,0.9385080559790691
Mono Red Graveyard,Grixis Affinity,0.0,3,0.0,0.0,0.5614970356393196
Mono Red Graveyard,Golgari Midrange,0.0,2,0.0,0.0,0.6576197760453506
Mono Red Graveyard,Jund Midrange,2.0,2,1.0,0.3423802239546494,1.0
Mono Red Graveyard,Mono Blue Faeries,1.0,2,0.5,0.09453120463920084,0.9054687953607992
Mono Red Graveyard,Tron,0.0,2,0.0,0.0,0.6576197760453506
Mono Red Graveyard,Dimir Faeries,0.0,1,0.0,0.0,0.7934506882081973
Mono Red Graveyard,Esper Affinity,0.0,1,0.0,0.0,0.7934506882081973
Mono Red Graveyard,Gruul Ramp,1.0,1,1.0,0.2065493117918027,1.0
Mono Red Graveyard,Red Rally,0.0,1,0.0,0.0,0.7934506882081973
Mono Red Graveyard,Spy Combo,0.0,1,0.0,0.0,0.7934506882081973
Mono Red Graveyard,Walls Combo,1.0,1,1.0,0.2065493117918027,1.0
Mono Red Kiln Fiend,Gruul Ponza,2.0,2,1.0,0.3423802239546494,1.0
Mono Red Kiln Fiend,Jund Midrange,1.0,2,0.5,0.09453120463920084,0.9054687953607992
Mono Red Kiln Fiend,Mono Blue Terror,0.0,2,0.0,0.0,0.6576197760453506
Mono Red Kiln Fiend,White Aggro,0.0,2,0.0,0.0,0.6576197760453506
Mono Red Kiln Fiend,Azorius Familiars,0.0,1,0.0,0.0,0.7934506882081973
Mono Red Kiln Fiend,Elves,1.0,1,1.0,0.2065493117918027,1.0
Mono Red Kiln Fiend,Grixis Affinity,0.0,1,0.0,0.0,0.7934506882081973
Mono Red Kiln Fiend,Mono Red Burn,0.0,1,0.0,0.0,0.7934506882081973
Mono Red Kiln Fiend,Red Madness,1.0,1,1.0,0.2065493117918027,1.0
Mono Red Kiln Fiend,Red Rally,0.0,1,0.0,0.0,0.7934506882081973
Mono Red Kiln Fiend,Tireless Tribe,0.0,1,0.0,0.0,0.7934506882081973
Mono Red Synthesizer,White Aggro,1.0,4,0.25,0.04558726029536886,0.6993581599030918
Mono Red Synthesizer,Tron,1.0,2,0.5,0.09453120463920084,0.9054687953607992
Mono Red Synthesizer,Azorius Familiars,0.0,1,0.0,0.0,0.7934506882081973
Mono Red Synthesizer,Dimir Terror,1.0,1,1.0,0.2065493117918027,1.0
Mono Red Synthesizer,Esper Affinity,0.0,1,0.0,0.0,0.7934506882081973
Mono Red Synthesizer,Infect,1.0,1,1.0,0.2065493117918027,1.0
Mono Red Synthesizer,Mono Blue Faeries,1.0,1,1.0,0.2065493117918027,1.0
Mono Red Synthesizer,Mono Green Garden,0.0,1,0.0,0.0,0.7934506882081973
Mono Red Synthesizer,Rakdos Madness,1.0,1,1.0,0.2065493117918027,1.0
Mono Red Synthesizer,Red Madness,1.0,1,1.0,0.2065493117918027,1.0
Mono Red Synthesizer,WUBR Midrange,0.0,1,0.0,0.0,0.7934506882081973
Mono White Ephemerate,Dimir Terror,0.0,2,0.0,0.0,0.6576197760453506
Mono White Ephemerate,Spy Combo,1.0,2,0.5,0.09453120463920084,0.9054687953607992
Mono White Ephemerate,Gates,0.0,1,0.0,0.0,0.7934506882081973
Mono White Ephemerate,Jeskai Ephemerate,0.0,1,0.0,0.0,0.7934506882081973
Mono White Ephemerate,Jund Midrange,0.0,1,0.0,0.0,0.7934506882081973
Mono White Ephemerate,Ruby Storm,0.0,1,0.0,0.0,0.7934506882081973
Mono White Ephemerate,Tireless Tribe,0.0,1,0.0,0.0,0.7934506882081973
Mono White Ephemerate,Tron,1.0,1,1.0,0.2065493117918027,1.0
Mono White Heroic,Grixis Affinity,3.0,13,0.23076923076923078,0.08179528654269594,0.5025637616051964
Mono White Heroic,Tron,3.0,9,0.3333333333333333,0.12058381743407343,0.6457978664749412
Mono White Heroic,Red Rally,6.0,8,0.75,0.40927542792725174,0.9285207879020445
Mono White Heroic,Spy Combo,0.0,8,0.0,0.0,0.3244075683414076
Mono White Heroic,Dimir Terror,0.0,7,0.0,0.0,0.35433043867586833
Mono White Heroic,Mono Blue Faeries,4.0,7,0.5714285714285714,0.25045836275303557,0.8417801460075546
Mono White Heroic,Rakdos Madness,3.0,7,0.42857142857142855,0.15821985399244537,0.7495416372469643
Mono White Heroic,Jund Midrange,2.0,6,0.3333333333333333,0.09677141021353453,0.7000066870052566
Mono White Heroic,Mono Blue Terror,2.0,6,0.3333333333333333,0.09677141021353453,0.7000066870052566
Mono White Heroic,Dimir Faeries,2.0,5,0.4,0.11762077314099711,0.7692757205908813
Mono White Heroic,Golgari Garden,0.0,5,0.0,0.0,0.43448246865939283
Mono White Heroic,Gruul Ponza,2.0,5,0.4,0.11762077314099711,0.7692757205908813
Mono White Heroic,Gates,0.0,4,0.0,0.0,0.4898908403969213
Mono White Heroic,Red Madness,4.0,4,1.0,0.5101091596030786,0.9999999999999999
Mono White Heroic,White Aggro,3.0,4,0.75,0.3006418400969081,0.954412739704631
Mono White Heroic,Elves,1.0,3,0.3333333333333333,0.06149194402093078,0.7923404011921757
Mono White Heroic,Gruul Ramp,2.0,3,0.6666666666666666,0.2076595988078242,0.9385080559790691
Mono White Heroic,Mono Red Burn,2.0,3,0.6666666666666666,0.2076595988078242,0.9385080559790691
Mono White Heroic,Turbo Fog,2.0,3,0.6666666666666666,0.2076595988078242,0.9385080559790691
Mono White Heroic,Aura Bogles,1.0,2,0.5,0.09453120463920084,0.9054687953607992
Mono White Heroic,Mardu Synthesizer,1.0,2,0.5,0.09453120463920084,0.9054687953607992
Mono White Heroic,Mono Black Sacrifice,2.0,2,1.0,0.3423802239546494,1.0
Mono White Heroic,Rakdos Affinity,1.0,2,0.5,0.09453120463920084,0.9054687953607992
Mono White Heroic,Ruby Storm,1.0,2,0.5,0.09453120463920084,0.9054687953607992
Mono White Heroic,UBRG Proliferate Poison,2.0,2,1.0,0.3423802239546494,1.0
Mono White Heroic,Altar Tron,0.0,1,0.0,0.0,0.7934506882081973
Mono White Heroic,Azorius Familiars,1.0,1,1.0,0.2065493117918027,1.0
Mono White Heroic,Burn,1.0,1,1.0,0.2065493117918027,1.0
Mono White Heroic,Caw Gates,0.0,1,0.0,0.0,0.7934506882081973
Mono White Heroic,Dimir Affinity,0.0,1,0.0,0.0,0.7934506882081973
Mono White Heroic,Dimir Midrange,0.0,1,0.0,0.0,0.7934506882081973
Mono White Heroic,Esper Control,1.0,1,1.0,0.2065493117918027,1.0
Mono White Heroic,Esper Midrange,0.0,1,0.0,0.0,0.7934506882081973
Mono White Heroic,Golgari Midrange,1.0,1,1.0,0.2065493117918027,1.0
Mono White Heroic,Gruul Garden,1.0,1,1.0,0.2065493117918027,1.0
Mono White Heroic,Infect,1.0,1,1.0,0.2065493117918027,1.0
Mono White Heroic,Jeskai Ephemerate,0.0,1,0.0,0.0,0.7934506882081973
Mono White Heroic,Orzhov Ephemerate,1.0,1,1.0,0.2065493117918027,1.0
Mono White Heroic,Orzhov Midrange,0.0,1,0.0,0.0,0.7934506882081973
Mono White Heroic,Rakdos Graveyard,1.0,1,1.0,0.2065493117918027,1.0
Mono White Heroic,Selesnya Linfelink,0.0,1,0.0,0.0,0.7934506882081973
Mono White Heroic,Simic Slime,1.0,1,1.0,0.2065493117918027,1.0
Mono White Heroic,Slivers,0.0,1,0.0,0.0,0.7934506882081973
Mono White Heroic,WUBR Affinity,1.0,1,1.0,0.2065493117918027,1.0
Mono White Midrange,Dimir Terror,0.0,3,0.0,0.0,0.5614970356393196
Mono White Midrange,Red Madness,1.0,3,0.3333333333333333,0.06149194402093078,0.7923404011921757
Mono White Midrange,Elves,2.0,2,1.0,0.3423802239546494,1.0
Mono White Midrange,White Aggro,1.0,2,0.5,0.09453120463920084,0.9054687953607992
Mono White Midrange,Aura Bogles,0.0,1,0.0,0.0,0.7934506882081973
Mono White Midrange,Caw Gates,0.0,1,0.0,0.0,0.7934506882081973
Mono White Midrange,Dimir Affinity,1.0,1,1.0,0.2065493117918027,1.0
Mono White Midrange,Dimir Faeries,1.0,1,1.0,0.2065493117918027,1.0
Mono White Midrange,Gates,0.0,1,0.0,0.0,0.7934506882081973
Mono White Midrange,Grixis Affinity,1.0,1,1.0,0.2065493117918027,1.0
Mono White Midrange,Mono Black Midrange,1.0,1,1.0,0.2065493117918027,1.0
Mono White Midrange,Red Rally,1.0,1,1.0,0.2065493117918027,1.0
Mono White Midrange,Ruby Storm,0.0,1,0.0,0.0,0.7934506882081973
Naya Ramp,Mono Blue Terror,1.0,2,0.5,0.09453120463920084,0.9054687953607992
Naya Ramp,Red Madness,2.0,2,1.0,0.3423802239546494,1.0
Naya Ramp,Dimir Terror,0.0,1,0.0,0.0,0.7934506882081973
Naya Ramp,Gates,1.0,1,1.0,0.2065493117918027,1.0
Naya Ramp,Gruul Ramp,1.0,1,1.0,0.2065493117918027,1.0
Naya Ramp,Izzet Terror,0.0,1,0.0,0.0,0.7934506882081973
Naya Ramp,Jund Midrange,0.0,1,0.0,0.0,0.7934506882081973
Naya Ramp,Mono Blue Faeries,0.0,1,0.0,0.0,0.7934506882081973
Naya Ramp,Ruby Storm,0.0,1,0.0,0.0,0.7934506882081973
Naya Ramp,Turbo Fog,0.0,1,0.0,0.0,0.7934506882081973
Orzhov Ephemerate,Grixis Affinity,1.0,3,0.3333333333333333,0.06149194402093078,0.7923404011921757
Orzhov Ephemerate,Red Madness,0.0,3,0.0,0.0,0.5614970356393196
Orzhov Ephemerate,Aura Bogles,0.0,1,0.0,0.0,0.7934506882081973
Orzhov Ephemerate,Azorius Familiars,0.0,1,0.0,0.0,0.7934506882081973
Orzhov Ephemerate,Mono White Heroic,0.0,1,0.0,0.0,0.7934506882081973
Orzhov Ephemerate,Rakdos Madness,0.0,1,0.0,0.0,0.7934506882081973
Orzhov Ephemerate,Red Rally,1.0,1,1.0,0.2065493117918027,1.0
Orzhov Ephemerate,Ruby Storm,0.0,1,0.0,0.0,0.7934506882081973
Orzhov Ephemerate,Simic Control,1.0,1,1.0,0.2065493117918027,1.0
Orzhov Ephemerate,Tireless Tribe,0.0,1,0.0,0.0,0.7934506882081973
Orzhov Ephemerate,White Aggro,0.0,1,0.0,0.0,0.7934506882081973
Orzhov Midrange,Gates,5.0,17,0.29411764705882354,0.1327998952626943,0.5313311024822815
Orzhov Midrange,Jund Midrange,5.0,11,0.45454545454545453,0.21271271487637833,0.7199084642140241
Orzhov Midrange,Red Madness,5.0,11,0.45454545454545453,0.21271271487637833,0.7199084642140241
Orzhov Midrange,Red Rally,5.0,11,0.45454545454545453,0.21271271487637833,0.7199084642140241
Orzhov Midrange,Dimir Faeries,3.0,8,0.375,0.13684428473912286,0.694257607346229
Orzhov Midrange,Mono Blue Terror,5.0,8,0.625,0.30574239265377096,0.8631557152608771
Orzhov Midrange,Tron,1.0,8,0.125,0.022417491199971912,0.47088818505608376
Orzhov Midrange,Elves,2.0,6,0.3333333333333333,0.09677141021353453,0.7000066870052566
Orzhov Midrange,Izzet Terror,3.0,6,0.5,0.18761630498040816,0.8123836950195918
Orzhov Midrange,Spy Combo,0.0,6,0.0,0.0,0.39033429165637346
Orzhov Midrange,Azorius Familiars,2.0,5,0.4,0.11762077314099711,0.7692757205908813
Orzhov Midrange,Golgari Garden,4.0,5,0.8,0.375534627029995,0.9637758917743693
Orzhov Midrange,Grixis Affinity,2.0,5,0.4,0.11762077314099711,0.7692757205908813
Orzhov Midrange,Gruul Ponza,2.0,5,0.4,0.11762077314099711,0.7692757205908813
Orzhov Midrange,Gruul Ramp,1.0,5,0.2,0.03622410822563066,0.6244653729700049
Orzhov Midrange,Rakdos Madness,0.0,5,0.0,0.0,0.43448246865939283
Orzhov Midrange,Turbo Fog,2.0,4,0.5,0.15003898774401986,0.8499610122559802
Orzhov Midrange,Aura Bogles,1.0,3,0.3333333333333333,0.06149194402093078,0.7923404011921757
Orzhov Midrange,Ephemerate Tron,0.0,3,0.0,0.0,0.5614970356393196
Orzhov Midrange,Golgari Midrange,1.0,3,0.3333333333333333,0.06149194402093078,0.7923404011921757
Orzhov Midrange,Jeskai Ephemerate,0.0,3,0.0,0.0,0.5614970356393196
Orzhov Midrange,Mono Blue Faeries,1.0,3,0.3333333333333333,0.06149194402093078,0.7923404011921757
Orzhov Midrange,Tireless Tribe,1.0,3,0.3333333333333333,0.06149194402093078,0.7923404011921757
Orzhov Midrange,White Aggro,1.0,3,0.3333333333333333,0.06149194402093078,0.7923404011921757
Orzhov Midrange,Burn,0.0,2,0.0,0.0,0.6576197760453506
Orzhov Midrange,Esper Affinity,0.0,2,0.0,0.0,0.6576197760453506
Orzhov Midrange,Jund Garden,0.0,2,0.0,0.0,0.6576197760453506
Orzhov Midrange,Mono Black Sacrifice,2.0,2,1.0,0.3423802239546494,1.0
Orzhov Midrange,Altar Tron,0.0,1,0.0,0.0,0.7934506882081973
Orzhov Midrange,Azorius Midrange,0.0,1,0.0,0.0,0.7934506882081973
Orzhov Midrange,Black Burn,1.0,1,1.0,0.2065493117918027,1.0
Orzhov Midrange,Caw Gates,0.0,1,0.0,0.0,0.7934506882081973
Orzhov Midrange,Cycle Storm,1.0,1,1.0,0.2065493117918027,1.0
Orzhov Midrange,Dimir Affinity,0.0,1,0.0,0.0,0.7934506882081973
Orzhov Midrange,Dimir Midrange,0.0,1,0.0,0.0,0.7934506882081973
Orzhov Midrange,Dimir Terror,1.0,1,1.0,0.2065493117918027,1.0
Orzhov Midrange,Jund Graveyard,1.0,1,1.0,0.2065493117918027,1.0
Orzhov Midrange,Mardu Ephemerate,1.0,1,1.0,0.2065493117918027,1.0
Orzhov Midrange,Mono Black Pestilence,0.0,1,0.0,0.0,0.7934506882081973
Orzhov Midrange,Mono Red Burn,1.0,1,1.0,0.2065493117918027,1.0
Orzhov Midrange,Mono White Heroic,1.0,1,1.0,0.2065493117918027,1.0
Orzhov Midrange,Serpentine Curve,0.0,1,0.0,0.0,0.7934506882081973
Orzhov Midrange,Sultai Midrange,1.0,1,1.0,0.2065493117918027,1.0
Orzhov Midrange,Temur Garden,0.0,1,0.0,0.0,0.7934506882081973
Orzhov Midrange,UBRG Proliferate Poison,1.0,1,1.0,0.2065493117918027,1.0
Orzhov Midrange,WBRG Midrange,0.0,1,0.0,0.0,0.7934506882081973
Rakdos Affinity,Rakdos Madness,5.0,5,1.0,0.5655175313406071,1.0
Rakdos Affinity,Elves,2.0,2,1.0,0.3423802239546494,1.0
Rakdos Affinity,Ephemerate Tron,0.0,2,0.0,0.0,0.6576197760453506
Rakdos Affinity,Grixis Affinity,1.0,2,0.5,0.09453120463920084,0.9054687953607992
Rakdos Affinity,Jeskai Ephemerate,1.0,2,0.5,0.09453120463920084,0.9054687953607992
Rakdos Affinity,Mono White Heroic,1.0,2,0.5,0.09453120463920084,0.9054687953607992
Rakdos Affinity,Aura Bogles,1.0,1,1.0,0.2065493117918027,1.0
Rakdos Affinity,Dimir Control,1.0,1,1.0,0.2065493117918027,1.0
Rakdos Affinity,Dimir Faeries,1.0,1,1.0,0.2065493117918027,1.0
Rakdos Affinity,Esper Midrange,0.0,1,0.0,0.0,0.7934506882081973
Rakdos Affinity,Gates,0.0,1,0.0,0.0,0.7934506882081973
Rakdos Affinity,Izzet Terror,1.0,1,1.0,0.2065493117918027,1.0
Rakdos Affinity,Jund Midrange,0.0,1,0.0,0.0,0.7934506882081973
Rakdos Affinity,Mono Black Midrange,1.0,1,1.0,0.2065493117918027,1.0
Rakdos Affinity,Mono Blue Faeries,1.0,1,1.0,0.2065493117918027,1.0
Rakdos Affinity,Mono Blue Terror,1.0,1,1.0,0.2065493117918027,1.0
Rakdos Affinity,Mono Red Burn,1.0,1,1.0,0.2065493117918027,1.0
Rakdos Affinity,Red Rally,0.0,1,0.0,0.0,0.7934506882081973
Rakdos Affinity,Ruby Storm,1.0,1,1.0,0.2065493117918027,1.0
Rakdos Affinity,Spy Combo,0.0,1,0.0,0.0,0.7934506882081973
Rakdos Burn,Red Madness,2.0,4,0.5,0.15003898774401986,0.8499610122559802
Rakdos Burn,Altar Tron,0.0,1,0.0,0.0,0.7934506882081973
Rakdos Burn,Golgari Midrange,1.0,1,1.0,0.2065493117918027,1.0
Rakdos Burn,Gruul Ramp,0.0,1,0.0,0.0,0.7934506882081973
Rakdos Burn,Izzet Affinity,1.0,1,1.0,0.2065493117918027,1.0
Rakdos Burn,Jeskai Ephemerate,0.0,1,0.0,0.0,0.7934506882081973
Rakdos Goblins,Mono Blue Terror,1.0,2,0.5,0.09453120463920084,0.9054687953607992
Rakdos Goblins,White Aggro,1.0,2,0.5,0.09453120463920084,0.9054687953607992
Rakdos Goblins,Cycle Storm,1.0,1,1.0,0.2065493117918027,1.0
Rakdos Goblins,Elves,0.0,1,0.0,0.0,0.7934506882081973
Rakdos Goblins,Golgari Garden,1.0,1,1.0,0.2065493117918027,1.0
Rakdos Goblins,Golgari Midrange,0.0,1,0.0,0.0,0.7934506882081973
Rakdos Goblins,Infect,0.0,1,0.0,0.0,0.7934506882081973
Rakdos Goblins,Izzet Terror,1.0,1,1.0,0.2065493117918027,1.0
Rakdos Goblins,Mono Black Sacrifice,0.0,1,0.0,0.0,0.7934506882081973
Rakdos Goblins,Rakdos Madness,0.0,1,0.0,0.0,0.7934506882081973
Rakdos Goblins,Red Rally,0.0,1,0.0,0.0,0.7934506882081973
Rakdos Goblins,Spy Combo,1.0,1,1.0,0.2065493117918027,1.0
Rakdos Graveyard,Ephemerate Tron,0.0,1,0.0,0.0,0.7934506882081973
Rakdos Graveyard,Mono White Heroic,0.0,1,0.0,0.0,0.7934506882081973
Rakdos Madness,Grixis Affinity,29.0,58,0.5,0.3753827292203388,0.6246172707796612
Rakdos Madness,Red Madness,35.0,52,0.6730769230769231,0.5375618925284689,0.7847792561557585
Rakdos Madness,Red Rally,14.0,43,0.32558139534883723,0.20493297048467016,0.47483789152002354
Rakdos Madness,White Aggro,11.0,38,0.2894736842105263,0.17003277754837018,0.4475713780478313
Rakdos Madness,Tron,10.0,37,0.2702702702702703,0.15397461440966215,0.42978168456560734
Rakdos Madness,Jund Midrange,16.0,34,0.47058823529411764,0.3145150436655354,0.632632871369301
Rakdos Madness,Mono Blue Terror,17.0,31,0.5483870967741935,0.3777216751371326,0.7083826412814458
Rakdos Madness,Dimir Faeries,12.0,28,0.42857142857142855,0.2650854701640365,0.6092921450416022
Rakdos Madness,Gates,7.0,27,0.25925925925925924,0.13170374490590095,0.44678571468694817
Rakdos Madness,Mono Blue Faeries,9.0,26,0.34615384615384615,0.1941223023049913,0.5377942895807281
Rakdos Madness,Golgari Garden,10.5,23,0.45652173913043476,0.27420419900050363,0.6512842027721115
Rakdos Madness,Spy Combo,6.0,20,0.3,0.14547724402157294,0.518972820052479
Rakdos Madness,Elves,10.0,19,0.5263157894736842,0.3170780910485948,0.7267019496745859
Rakdos Madness,Dimir Terror,7.0,17,0.4117647058823529,0.21611056673991857,0.6399455751507853
Rakdos Madness,Gruul Ponza,5.0,16,0.3125,0.14164643765150897,0.5559564434725178
Rakdos Madness,Jeskai Ephemerate,9.0,14,0.6428571428571429,0.38764422924295516,0.8365526834990504
Rakdos Madness,Gruul Ramp,4.0,13,0.3076923076923077,0.12680703567070326,0.5763065701492199
Rakdos Madness,Tireless Tribe,6.0,13,0.46153846153846156,0.23206067674961361,0.7085620444143711
Rakdos Madness,Aura Bogles,3.0,11,0.2727272727272727,0.09746059213308628,0.5656453033189257
Rakdos Madness,Ephemerate Tron,3.0,10,0.3,0.10779126655639398,0.6032218546540291
Rakdos Madness,Azorius Familiars,3.0,9,0.3333333333333333,0.12058381743407343,0.6457978664749412
Rakdos Madness,Mono Black Sacrifice,4.0,8,0.5,0.21521606069626764,0.7847839393037324
Rakdos Madness,Mono Red Burn,7.0,8,0.875,0.5291118149439162,0.9775825088000281
Rakdos Madness,Turbo Fog,4.5,8,0.5625,0.25894768389445005,0.8255013700628742
Rakdos Madness,Mono White Heroic,4.0,7,0.5714285714285714,0.25045836275303557,0.8417801460075546
Rakdos Madness,Altar Tron,0.0,6,0.0,0.0,0.39033429165637346
Rakdos Madness,Caw Gates,1.0,6,0.16666666666666666,0.030053369411815023,0.5635028250257673
Rakdos Madness,Izzet Terror,4.0,6,0.6666666666666666,0.29999331299474324,0.9032285897864654
Rakdos Madness,Golgari Midrange,3.0,5,0.6,0.23072427940911855,0.8823792268590028
Rakdos Madness,Orzhov Midrange,5.0,5,1.0,0.5655175313406071,1.0
Rakdos Madness,Rakdos Affinity,0.0,5,0.0,0.0,0.43448246865939283
Rakdos Madness,Esper Affinity,4.0,4,1.0,0.5101091596030786,0.9999999999999999
Rakdos Madness,Infect,3.0,4,0.75,0.3006418400969081,0.954412739704631
Rakdos Madness,Jund Graveyard,3.0,4,0.75,0.3006418400969081,0.954412739704631
Rakdos Madness,Mardu Synthesizer,3.0,4,0.75,0.3006418400969081,0.954412739704631
Rakdos Madness,Mono Red Graveyard,2.0,4,0.5,0.15003898774401986,0.8499610122559802
Rakdos Madness,Ruby Storm,2.0,4,0.5,0.15003898774401986,0.8499610122559802
Rakdos Madness,Azorius Faeries,1.0,3,0.3333333333333333,0.06149194402093078,0.7923404011921757
Rakdos Madness,Boros Synthesizer,2.0,3,0.6666666666666666,0.2076595988078242,0.9385080559790691
Rakdos Madness,Dimir Affinity,2.0,3,0.6666666666666666,0.2076595988078242,0.9385080559790691
Rakdos Madness,Dimir Midrange,1.0,3,0.3333333333333333,0.06149194402093078,0.7923404011921757
Rakdos Madness,Izzet Control,2.0,3,0.6666666666666666,0.2076595988078242,0.9385080559790691
Rakdos Madness,Mono Black Midrange,2.0,3,0.6666666666666666,0.2076595988078242,0.9385080559790691
Rakdos Madness,Slivers,2.0,3,0.6666666666666666,0.2076595988078242,0.9385080559790691
Rakdos Madness,Cycle Storm,1.0,2,0.5,0.09453120463920084,0.9054687953607992
Rakdos Madness,Esper Familiars,1.0,2,0.5,0.09453120463920084,0.9054687953607992
Rakdos Madness,Grixis Terror,1.0,2,0.5,0.09453120463920084,0.9054687953607992
Rakdos Madness,Mono B Devotion,2.0,2,1.0,0.3423802239546494,1.0
Rakdos Madness,Simic Graveyard,1.0,2,0.5,0.09453120463920084,0.9054687953607992
Rakdos Madness,Walls Cascade,1.0,2,0.5,0.09453120463920084,0.9054687953607992
Rakdos Madness,Walls Combo,1.0,2,0.5,0.09453120463920084,0.9054687953607992
Rakdos Madness,Azorius Midrange,1.0,1,1.0,0.2065493117918027,1.0
Rakdos Madness,Burn,1.0,1,1.0,0.2065493117918027,1.0
Rakdos Madness,Esper Ephemerate,0.0,1,0.0,0.0,0.7934506882081973
Rakdos Madness,Esper Midrange,1.0,1,1.0,0.2065493117918027,1.0
Rakdos Madness,Golgari Ponza,0.0,1,0.0,0.0,0.7934506882081973
Rakdos Madness,Grixis Ephemerate,0.0,1,0.0,0.0,0.7934506882081973
Rakdos Madness,Gruul Garden,0.0,1,0.0,0.0,0.7934506882081973
Rakdos Madness,Gruul Synthesizer,1.0,1,1.0,0.2065493117918027,1.0
Rakdos Madness,Jund Garden,1.0,1,1.0,0.2065493117918027,1.0
Rakdos Madness,Mono Black Pestilence,1.0,1,1.0,0.2065493117918027,1.0
Rakdos Madness,Mono Green Linfelink,0.0,1,0.0,0.0,0.7934506882081973
Rakdos Madness,Mono Red Synthesizer,0.0,1,0.0,0.0,0.7934506882081973
Rakdos Madness,Orzhov Ephemerate,1.0,1,1.0,0.2065493117918027,1.0
Rakdos Madness,Rakdos Goblins,1.0,1,1.0,0.2065493117918027,1.0
Rakdos Madness,Simic Control,0.0,1,0.0,0.0,0.7934506882081973
Rakdos Madness,Simic Faeries,0.0,1,0.0,0.0,0.7934506882081973
Rakdos Madness,Sultai Control,0.0,1,0.0,0.0,0.7934506882081973
Rakdos Madness,Sultai Faeries,1.0,1,1.0,0.2065493117918027,1.0
Rakdos Madness,Sultai Proliferate Poison,0.0,1,0.0,0.0,0.7934506882081973
Rakdos Madness,Temur Midrange,1.0,1,1.0,0.2065493117918027,1.0
Rakdos Midrange,Dimir Faeries,2.0,2,1.0,0.3423802239546494,1.0
Rakdos Midrange,Caw Gates,0.0,1,0.0,0.0,0.7934506882081973
Rakdos Midrange,Cycle Storm,1.0,1,1.0,0.2065493117918027,1.0
Rakdos Midrange,Mono Black Sacrifice,0.0,1,0.0,0.0,0.7934506882081973
Rakdos Midrange,Red Madness,1.0,1,1.0,0.2065493117918027,1.0
Rakdos Midrange,Red Rally,0.0,1,0.0,0.0,0.7934506882081973
Reanimator,Golgari Garden,0.0,2,0.0,0.0,0.6576197760453506
Reanimator,Red Madness,2.0,2,1.0,0.3423802239546494,1.0
Reanimator,Azorius Affinity,1.0,1,1.0,0.2065493117918027,1.0
Reanimator,Elves,0.0,1,0.0,0.0,0.7934506882081973
Reanimator,Ephemerate Tron,0.0,1,0.0,0.0,0.7934506882081973
Reanimator,Grixis Affinity,0.0,1,0.0,0.0,0.7934506882081973
Reanimator,Mono Blue Terror,0.0,1,0.0,0.0,0.7934506882081973
Reanimator,Red Rally,0.0,1,0.0,0.0,0.7934506882081973
Reanimator,Ruby Storm,1.0,1,1.0,0.2065493117918027,1.0
Reanimator,Spy Combo,0.0,1,0.0,0.0,0.7934506882081973
Reanimator,Tireless Tribe,1.0,1,1.0,0.2065493117918027,1.0
Reanimator,Walls Cascade,0.0,1,0.0,0.0,0.7934506882081973
Red Madness,Grixis Affinity,60.0,166,0.3614457831325301,0.29226018618474714,0.43689899377643127
Red Madness,Gates,42.0,114,0.3684210526315789,0.28551140844576023,0.459909258569067
Red Madness,Red Rally,23.0,87,0.26436781609195403,0.18310023958759358,0.36556398812394775
Red Madness,Mono Blue Terror,30.0,83,0.3614457831325301,0.26634634289754777,0.46880320092300454
Red Madness,Tron,43.0,80,0.5375,0.42904357508325447,0.6425200651498536
Red Madness,Jund Midrange,48.0,72,0.6666666666666666,0.5517960426376316,0.7646535662440201
Red Madness,Spy Combo,34.0,69,0.4927536231884058,0.3783242292407155,0.6079473252372141
Red Madness,Dimir Faeries,32.0,65,0.49230769230769234,0.3746383937122319,0.6108354760132151
Red Madness,Elves,41.0,60,0.6833333333333333,0.5576623287169538,0.7869413251704964
Red Madness,Jeskai Ephemerate,20.0,53,0.37735849056603776,0.2593626539178842,0.5119310416371796
Red Madness,Mono Blue Faeries,28.0,52,0.5384615384615384,0.40503611226970826,0.6665952541045644
Red Madness,Rakdos Madness,17.0,52,0.3269230769230769,0.2152207438442416,0.46243810747153113
Red Madness,White Aggro,18.0,47,0.3829787234042553,0.25790681011242694,0.5257343315455523
Red Madness,Dimir Terror,24.0,45,0.5333333333333333,0.3907745463458004,0.670648680329127
Red Madness,Golgari Garden,17.0,39,0.4358974358974359,0.2930475377708262,0.590243084664468
Red Madness,Gruul Ramp,23.0,38,0.6052631578947368,0.4471786787542184,0.7440192434476809
Red Madness,Azorius Familiars,20.0,37,0.5405405405405406,0.38384046777409486,0.6896143029949754
Red Madness,Ephemerate Tron,22.0,36,0.6111111111111112,0.4486445897263513,0.7521512702805644
Red Madness,Aura Bogles,14.0,31,0.45161290322580644,0.29161735871855426,0.6222783248628674
Red Madness,Gruul Ponza,17.0,29,0.5862068965517241,0.40737835855877247,0.7448682276258509
Red Madness,Tireless Tribe,10.0,27,0.37037037037037035,0.21532512863998593,0.5577076572946251
Red Madness,Altar Tron,9.0,24,0.375,0.21159367459047676,0.5729003770473553
Red Madness,Turbo Fog,17.5,23,0.7608695652173914,0.5579040764256402,0.8891655129386693
Red Madness,Mono Black Sacrifice,11.0,19,0.5789473684210527,0.362759033831258,0.7685810883382846
Red Madness,Ruby Storm,11.0,18,0.6111111111111112,0.38619041442114627,0.7969475353714572
Red Madness,Mono Red Burn,4.0,17,0.23529411764705882,0.09555044255436917,0.4726179831177426
Red Madness,Caw Gates,5.0,16,0.3125,0.14164643765150897,0.5559564434725178
Red Madness,Golgari Midrange,6.0,16,0.375,0.18481232451546453,0.6135895962338866
Red Madness,Walls Combo,9.0,16,0.5625,0.3317855624393811,0.7690134771859434
Red Madness,Jund Graveyard,7.0,12,0.5833333333333334,0.31951131084242423,0.8067396875653928
Red Madness,Dimir Affinity,5.0,11,0.45454545454545453,0.21271271487637833,0.7199084642140241
Red Madness,Orzhov Midrange,6.0,11,0.5454545454545454,0.2800915357859759,0.7872872851236217
Red Madness,Izzet Terror,3.0,9,0.3333333333333333,0.12058381743407343,0.6457978664749412
Red Madness,Burn,4.0,8,0.5,0.21521606069626764,0.7847839393037324
Red Madness,Infect,6.0,7,0.8571428571428571,0.486872167860775,0.9743203759421759
Red Madness,Boros Synthesizer,2.0,6,0.3333333333333333,0.09677141021353453,0.7000066870052566
Red Madness,Cycle Storm,4.0,6,0.6666666666666666,0.29999331299474324,0.9032285897864654
Red Madness,Dimir Midrange,3.0,6,0.5,0.18761630498040816,0.8123836950195918
Red Madness,Izzet Control,5.0,5,1.0,0.5655175313406071,1.0
Red Madness,Mardu Synthesizer,4.0,5,0.8,0.375534627029995,0.9637758917743693
Red Madness,Simic Control,1.0,5,0.2,0.03622410822563066,0.6244653729700049
Red Madness,Esper Affinity,2.0,4,0.5,0.15003898774401986,0.8499610122559802
Red Madness,Esper Midrange,1.0,4,0.25,0.04558726029536886,0.6993581599030918
Red Madness,Gruul Garden,2.0,4,0.5,0.15003898774401986,0.8499610122559802
Red Madness,Mono Black Pestilence,3.0,4,0.75,0.3006418400969081,0.954412739704631
Red Madness,Mono White Heroic,0.0,4,0.0,0.0,0.4898908403969213
Red Madness,Rakdos Burn,2.0,4,0.5,0.15003898774401986,0.8499610122559802
Red Madness,Simic Faeries,3.0,4,0.75,0.3006418400969081,0.954412739704631
Red Madness,5c Ephemerate,3.0,3,1.0,0.43850296436068037,1.0
Red Madness,Golgari Linfelink,1.0,3,0.3333333333333333,0.06149194402093078,0.7923404011921757
Red Madness,Jund Garden,0.0,3,0.0,0.0,0.5614970356393196
Red Madness,Mono Black Midrange,3.0,3,1.0,0.43850296436068037,1.0
Red Madness,Mono White Midrange,2.0,3,0.6666666666666666,0.2076595988078242,0.9385080559790691
Red Madness,Orzhov Ephemerate,3.0,3,1.0,0.43850296436068037,1.0
Red Madness,Slivers,2.0,3,0.6666666666666666,0.2076595988078242,0.9385080559790691
Red Madness,UBRG Proliferate Poison,2.0,3,0.6666666666666666,0.2076595988078242,0.9385080559790691
Red Madness,Abzan Garden,2.0,2,1.0,0.3423802239546494,1.0
Red Madness,Boros Midrange,0.0,2,0.0,0.0,0.6576197760453506
Red Madness,Dimir Ephemerate,1.0,2,0.5,0.09453120463920084,0.9054687953607992
Red Madness,Izzet Affinity,2.0,2,1.0,0.3423802239546494,1.0
Red Madness,Naya Ramp,0.0,2,0.0,0.0,0.6576197760453506
Red Madness,Reanimator,0.0,2,0.0,0.0,0.6576197760453506
Red Madness,Selesnya Linfelink,2.0,2,1.0,0.3423802239546494,1.0
Red Madness,Serpentine Curve,2.0,2,1.0,0.3423802239546494,1.0
Red Madness,Temur Control,2.0,2,1.0,0.3423802239546494,1.0
Red Madness,UBRG Ephemerate,1.0,2,0.5,0.09453120463920084,0.9054687953607992
Red Madness,Abzan Linfelink,1.0,1,1.0,0.2065493117918027,1.0
Red Madness,Azorius Midrange,0.0,1,0.0,0.0,0.7934506882081973
Red Madness,Bant Ephemerate,1.0,1,1.0,0.2065493117918027,1.0
Red Madness,Black Burn,0.0,1,0.0,0.0,0.7934506882081973
Red Madness,Dimir Control,1.0,1,1.0,0.2065493117918027,1.0
Red Madness,Esper Familiars,0.0,1,0.0,0.0,0.7934506882081973
Red Madness,Jeskai Synthesizer,1.0,1,1.0,0.2065493117918027,1.0
Red Madness,Jund Pestilence,0.0,1,0.0,0.0,0.7934506882081973
Red Madness,Mardu Midrange,1.0,1,1.0,0.2065493117918027,1.0
Red Madness,Mono B Devotion,1.0,1,1.0,0.2065493117918027,1.0
Red Madness,Mono Green Garden,1.0,1,1.0,0.2065493117918027,1.0
Red Madness,Mono Red Kiln Fiend,0.0,1,0.0,0.0,0.7934506882081973
Red Madness,Mono Red Synthesizer,0.0,1,0.0,0.0,0.7934506882081973
Red Madness,Rakdos Midrange,0.0,1,0.0,0.0,0.7934506882081973
Red Madness,Simic Bogles,1.0,1,1.0,0.2065493117918027,1.0
Red Madness,Simic Slime,1.0,1,1.0,0.2065493117918027,1.0
Red Madness,Sultai Control,1.0,1,1.0,0.2065493117918027,1.0
Red Madness,Sultai Ephemerate,1.0,1,1.0,0.2065493117918027,1.0
Red Madness,Sultai Garden,1.0,1,1.0,0.2065493117918027,1.0
Red Madness,Temur Garden,1.0,1,1.0,0.2065493117918027,1.0
Red Madness,Temur Ramp,1.0,1,1.0,0.2065493117918027,1.0
Red Madness,WUBR Affinity,1.0,1,1.0,0.2065493117918027,1.0
Red Madness,Walls,1.0,1,1.0,0.2065493117918027,1.0
Red Madness,Zubera Storm,1.0,1,1.0,0.2065493117918027,1.0
Red Rally,Red Madness,64.0,87,0.735632183908046,0.6344360118760523,0.8168997604124065
Red Rally,Grixis Affinity,36.0,77,0.4675324675324675,0.3603007561307431,0.5778497910118836
Red Rally,Tron,24.0,48,0.5,0.36389330403275494,0.636106695967245
Red Rally,White Aggro,15.0,46,0.32608695652173914,0.2086594323252762,0.47032267696437946
Red Rally,Mono Blue Terror,22.0,44,0.5,0.3583176043720574,0.6416823956279426
Red Rally,Rakdos Madness,29.0,43,0.6744186046511628,0.5251621084799764,0.7950670295153298
Red Rally,Elves,20.0,40,0.5,0.35199526826950456,0.6480047317304954
Red Rally,Dimir Faeries,20.0,38,0.5263157894736842,0.37258971272613683,0.6752097678243378
Red Rally,Jund Midrange,17.0,38,0.4473684210526316,0.3014640089688049,0.6029370299302456
Red Rally,Gates,15.0,35,0.42857142857142855,0.2798456807626357,0.5914258897702688
Red Rally,Mono Blue Faeries,11.0,27,0.4074074074074074,0.24514756969784102,0.592732991684024
Red Rally,Jeskai Ephemerate,16.0,25,0.64,0.44518497600865714,0.7975211932184335
Red Rally,Spy Combo,7.0,24,0.2916666666666667,0.14914648116318613,0.4916769382332005
Red Rally,Gruul Ponza,12.0,22,0.5454545454545454,0.34659795182499575,0.7307970593927182
Red Rally,Golgari Garden,15.0,21,0.7142857142857143,0.5004361911516968,0.8618613712823846
Red Rally,Azorius Familiars,9.0,20,0.45,0.25819785703764037,0.6579146589808726
Red Rally,Ephemerate Tron,14.0,19,0.7368421052631579,0.5120844892295056,0.8819358772791221
Red Rally,Dimir Terror,10.0,18,0.5555555555555556,0.3371641549342691,0.7544048199620327
Red Rally,Aura Bogles,7.0,17,0.4117647058823529,0.21611056673991857,0.6399455751507853
Red Rally,Gruul Ramp,4.0,16,0.25,0.10182067420167085,0.4949831672970316
Red Rally,Mono Black Sacrifice,7.0,16,0.4375,0.23098652281405668,0.6682144375606189
Red Rally,Ruby Storm,10.0,15,0.6666666666666666,0.4171354755711991,0.8482367565633053
Red Rally,Orzhov Midrange,6.0,11,0.5454545454545454,0.2800915357859759,0.7872872851236217
Red Rally,Tireless Tribe,3.0,11,0.2727272727272727,0.09746059213308628,0.5656453033189257
Red Rally,Golgari Midrange,5.0,9,0.5555555555555556,0.26665129180087416,0.8112214802294544
Red Rally,Izzet Terror,5.0,8,0.625,0.30574239265377096,0.8631557152608771
Red Rally,Mono White Heroic,2.0,8,0.25,0.07147921209795555,0.5907245720727483
Red Rally,Altar Tron,5.0,7,0.7142857142857143,0.3589344495310541,0.9177810767507166
Red Rally,Mardu Synthesizer,3.0,7,0.42857142857142855,0.15821985399244537,0.7495416372469643
Red Rally,Turbo Fog,3.0,7,0.42857142857142855,0.15821985399244537,0.7495416372469643
Red Rally,Boros Synthesizer,0.0,6,0.0,0.0,0.39033429165637346
Red Rally,Cycle Storm,6.0,6,1.0,0.6096657083436265,1.0
Red Rally,Infect,4.0,6,0.6666666666666666,0.29999331299474324,0.9032285897864654
Red Rally,Slivers,5.0,6,0.8333333333333334,0.4364971749742326,0.969946630588185
Red Rally,Caw Gates,2.0,5,0.4,0.11762077314099711,0.7692757205908813
Red Rally,UBRG Proliferate Poison,2.0,4,0.5,0.15003898774401986,0.8499610122559802
Red Rally,Dimir Affinity,0.0,3,0.0,0.0,0.5614970356393196
Red Rally,Dimir Ephemerate,3.0,3,1.0,0.43850296436068037,1.0
Red Rally,Dimir Midrange,3.0,3,1.0,0.43850296436068037,1.0
Red Rally,Esper Midrange,1.0,3,0.3333333333333333,0.06149194402093078,0.7923404011921757
Red Rally,Jund Graveyard,3.0,3,1.0,0.43850296436068037,1.0
Red Rally,Mardu Midrange,1.0,3,0.3333333333333333,0.06149194402093078,0.7923404011921757
Red Rally,Mono Red Burn,2.0,3,0.6666666666666666,0.2076595988078242,0.9385080559790691
Red Rally,Temur Ramp,2.0,3,0.6666666666666666,0.2076595988078242,0.9385080559790691
Red Rally,Azorius Midrange,2.0,2,1.0,0.3423802239546494,1.0
Red Rally,Bant Familiars,1.0,2,0.5,0.09453120463920084,0.9054687953607992
Red Rally,Black Burn,2.0,2,1.0,0.3423802239546494,1.0
Red Rally,Burn,2.0,2,1.0,0.3423802239546494,1.0
Red Rally,Esper Familiars,0.0,2,0.0,0.0,0.6576197760453506
Red Rally,Golgari Ramp,0.0,2,0.0,0.0,0.6576197760453506
Red Rally,Grixis Terror,1.0,2,0.5,0.09453120463920084,0.9054687953607992
Red Rally,Gruul Garden,1.0,2,0.5,0.09453120463920084,0.9054687953607992
Red Rally,Jund Pestilence,2.0,2,1.0,0.3423802239546494,1.0
Red Rally,Mardu Ephemerate,2.0,2,1.0,0.3423802239546494,1.0
Red Rally,Mono Black Midrange,2.0,2,1.0,0.3423802239546494,1.0
Red Rally,Mono Green Ramp,1.0,2,0.5,0.09453120463920084,0.9054687953607992
Red Rally,Selesnya Ramp,0.0,2,0.0,0.0,0.6576197760453506
Red Rally,Simic Faeries,0.0,2,0.0,0.0,0.6576197760453506
Red Rally,Sultai Control,0.0,2,0.0,0.0,0.6576197760453506
Red Rally,Walls Combo,0.0,2,0.0,0.0,0.6576197760453506
Red Rally,Azorius Affinity,1.0,1,1.0,0.2065493117918027,1.0
Red Rally,Boros Midrange,0.0,1,0.0,0.0,0.7934506882081973
Red Rally,Esper Affinity,1.0,1,1.0,0.2065493117918027,1.0
Red Rally,Gruul Midrange,1.0,1,1.0,0.2065493117918027,1.0
Red Rally,Izzet Faeries,1.0,1,1.0,0.2065493117918027,1.0
Red Rally,Jund Garden,0.0,1,0.0,0.0,0.7934506882081973
Red Rally,Mono B Devotion,1.0,1,1.0,0.2065493117918027,1.0
Red Rally,Mono Green Garden,0.0,1,0.0,0.0,0.7934506882081973
Red Rally,Mono Red Graveyard,1.0,1,1.0,0.2065493117918027,1.0
Red Rally,Mono Red Kiln Fiend,1.0,1,1.0,0.2065493117918027,1.0
Red Rally,Mono White Midrange,0.0,1,0.0,0.0,0.7934506882081973
Red Rally,Orzhov Ephemerate,0.0,1,0.0,0.0,0.7934506882081973
Red Rally,Rakdos Affinity,1.0,1,1.0,0.2065493117918027,1.0
Red Rally,Rakdos Goblins,1.0,1,1.0,0.2065493117918027,1.0
Red Rally,Rakdos Midrange,1.0,1,1.0,0.2065493117918027,1.0
Red Rally,Reanimator,1.0,1,1.0,0.2065493117918027,1.0
Red Rally,Selesnya Linfelink,0.0,1,0.0,0.0,0.7934506882081973
Red Rally,Serpentine Curve,1.0,1,1.0,0.2065493117918027,1.0
Red Rally,Simic Graveyard,0.0,1,0.0,0.0,0.7934506882081973
Red Rally,Simic Ramp,1.0,1,1.0,0.2065493117918027,1.0
Red Rally,Simic Slime,1.0,1,1.0,0.2065493117918027,1.0
Red Rally,Sultai Affinity,1.0,1,1.0,0.2065493117918027,1.0
Red Rally,Sultai Faeries,0.0,1,0.0,0.0,0.7934506882081973
Red Rally,Sultai Midrange,1.0,1,1.0,0.2065493117918027,1.0
Red Rally,Temur Control,1.0,1,1.0,0.2065493117918027,1.0
Red Rally,Tortex,0.0,1,0.0,0.0,0.7934506882081973
Red Rally,WURG Ephemerate,1.0,1,1.0,0.2065493117918027,1.0
Ruby Storm,Grixis Affinity,12.0,27,0.4444444444444444,0.275858580651977,0.626869756177142
Ruby Storm,Gates,13.0,22,0.5909090909090909,0.387348183298974,0.7674418391364541
Ruby Storm,Red Madness,7.0,18,0.3888888888888889,0.2030524646285427,0.6138095855788537
Ruby Storm,Elves,13.0,17,0.7647058823529411,0.5273820168822574,0.9044495574456308
Ruby Storm,Mono Blue Terror,9.0,16,0.5625,0.3317855624393811,0.7690134771859434
Ruby Storm,Red Rally,5.0,15,0.3333333333333333,0.15176324343669478,0.582864524428801
Ruby Storm,Dimir Terror,5.0,11,0.45454545454545453,0.21271271487637833,0.7199084642140241
Ruby Storm,Jund Midrange,9.0,11,0.8181818181818182,0.5230194356457672,0.9486323107214162
Ruby Storm,White Aggro,9.0,10,0.9,0.5958499704752279,0.982123787103926
Ruby Storm,Azorius Familiars,3.0,9,0.3333333333333333,0.12058381743407343,0.6457978664749412
Ruby Storm,Ephemerate Tron,6.0,8,0.75,0.40927542792725174,0.9285207879020445
Ruby Storm,Jeskai Ephemerate,3.0,8,0.375,0.13684428473912286,0.694257607346229
Ruby Storm,Tireless Tribe,2.0,8,0.25,0.07147921209795555,0.5907245720727483
Ruby Storm,Tron,7.0,8,0.875,0.5291118149439162,0.9775825088000281
Ruby Storm,Gruul Ramp,5.0,6,0.8333333333333334,0.4364971749742326,0.969946630588185
Ruby Storm,Mono Blue Faeries,2.0,6,0.3333333333333333,0.09677141021353453,0.7000066870052566
Ruby Storm,Dimir Faeries,1.0,5,0.2,0.03622410822563066,0.6244653729700049
Ruby Storm,Mono Red Burn,1.0,5,0.2,0.03622410822563066,0.6244653729700049
Ruby Storm,Spy Combo,2.0,5,0.4,0.11762077314099711,0.7692757205908813
Ruby Storm,Turbo Fog,2.0,5,0.4,0.11762077314099711,0.7692757205908813
Ruby Storm,Golgari Garden,3.0,4,0.75,0.3006418400969081,0.954412739704631
Ruby Storm,Gruul Ponza,3.0,4,0.75,0.3006418400969081,0.954412739704631
Ruby Storm,Rakdos Madness,2.0,4,0.5,0.15003898774401986,0.8499610122559802
Ruby Storm,Dimir Affinity,2.0,3,0.6666666666666666,0.2076595988078242,0.9385080559790691
Ruby Storm,Golgari Midrange,2.0,3,0.6666666666666666,0.2076595988078242,0.9385080559790691
Ruby Storm,Mono Black Sacrifice,1.0,3,0.3333333333333333,0.06149194402093078,0.7923404011921757
Ruby Storm,Altar Tron,2.0,2,1.0,0.3423802239546494,1.0
Ruby Storm,Burn,2.0,2,1.0,0.3423802239546494,1.0
Ruby Storm,Caw Gates,1.0,2,0.5,0.09453120463920084,0.9054687953607992
Ruby Storm,Cycle Storm,0.0,2,0.0,0.0,0.6576197760453506
Ruby Storm,Izzet Affinity,1.0,2,0.5,0.09453120463920084,0.9054687953607992
Ruby Storm,Jund Garden,1.0,2,0.5,0.09453120463920084,0.9054687953607992
Ruby Storm,Mardu Midrange,1.0,2,0.5,0.09453120463920084,0.9054687953607992
Ruby Storm,Mono White Heroic,1.0,2,0.5,0.09453120463920084,0.9054687953607992
Ruby Storm,Walls Combo,2.0,2,1.0,0.3423802239546494,1.0
Ruby Storm,Abzan Garden,0.0,1,0.0,0.0,0.7934506882081973
Ruby Storm,Aura Bogles,1.0,1,1.0,0.2065493117918027,1.0
Ruby Storm,Boros Midrange,0.0,1,0.0,0.0,0.7934506882081973
Ruby Storm,Boros Synthesizer,1.0,1,1.0,0.2065493117918027,1.0
Ruby Storm,Dimir Ephemerate,0.0,1,0.0,0.0,0.7934506882081973
Ruby Storm,Dimir Midrange,0.0,1,0.0,0.0,0.7934506882081973
Ruby Storm,Golgari Ramp,1.0,1,1.0,0.2065493117918027,1.0
Ruby Storm,Grixis Midrange,0.0,1,0.0,0.0,0.7934506882081973
Ruby Storm,Izzet Terror,0.0,1,0.0,0.0,0.7934506882081973
Ruby Storm,Mono Black Midrange,0.0,1,0.0,0.0,0.7934506882081973
Ruby Storm,Mono White Ephemerate,1.0,1,1.0,0.2065493117918027,1.0
Ruby Storm,Mono White Midrange,1.0,1,1.0,0.2065493117918027,1.0
Ruby Storm,Naya Ramp,1.0,1,1.0,0.2065493117918027,1.0
Ruby Storm,Orzhov Ephemerate,1.0,1,1.0,0.2065493117918027,1.0
Ruby Storm,Rakdos Affinity,0.0,1,0.0,0.0,0.7934506882081973
Ruby Storm,Reanimator,0.0,1,0.0,0.0,0.7934506882081973
Ruby Storm,Slivers,1.0,1,1.0,0.2065493117918027,1.0
Ruby Storm,Temur Garden,1.0,1,1.0,0.2065493117918027,1.0
Ruby Storm,UBRG Control,1.0,1,1.0,0.2065493117918027,1.0
Selesnya Linfelink,Mono Blue Terror,4.0,5,0.8,0.375534627029995,0.9637758917743693
Selesnya Linfelink,Gates,1.0,3,0.3333333333333333,0.06149194402093078,0.7923404011921757
Selesnya Linfelink,Red Madness,0.0,2,0.0,0.0,0.6576197760453506
Selesnya Linfelink,Abzan Linfelink,1.0,1,1.0,0.2065493117918027,1.0
Selesnya Linfelink,Altar Tron,0.0,1,0.0,0.0,0.7934506882081973
Selesnya Linfelink,Caw Gates,0.0,1,0.0,0.0,0.7934506882081973
Selesnya Linfelink,Grixis Affinity,0.0,1,0.0,0.0,0.7934506882081973
Selesnya Linfelink,Mono White Heroic,1.0,1,1.0,0.2065493117918027,1.0
Selesnya Linfelink,Red Rally,1.0,1,1.0,0.2065493117918027,1.0
Selesnya Linfelink,Tireless Tribe,0.0,1,0.0,0.0,0.7934506882081973
Selesnya Ramp,Red Rally,2.0,2,1.0,0.3423802239546494,1.0
Selesnya Ramp,Elves,1.0,1,1.0,0.2065493117918027,1.0
Selesnya Ramp,Gruul Ramp,0.0,1,0.0,0.0,0.7934506882081973
Selesnya Ramp,Jund Midrange,1.0,1,1.0,0.2065493117918027,1.0
Selesnya Ramp,Mono Black Midrange,0.0,1,0.0,0.0,0.7934506882081973
Selesnya Ramp,Mono Blue Terror,1.0,1,1.0,0.2065493117918027,1.0
Selesnya Ramp,Sultai Control,0.0,1,0.0,0.0,0.7934506882081973
Serpentine Curve,Dimir Faeries,1.0,2,0.5,0.09453120463920084,0.9054687953607992
Serpentine Curve,Red Madness,0.0,2,0.0,0.0,0.6576197760453506
Serpentine Curve,Simic Control,1.0,2,0.5,0.09453120463920084,0.9054687953607992
Serpentine Curve,Tireless Tribe,1.0,2,0.5,0.09453120463920084,0.9054687953607992
Serpentine Curve,White Aggro,1.0,2,0.5,0.09453120463920084,0.9054687953607992
Serpentine Curve,Azorius Familiars,0.0,1,0.0,0.0,0.7934506882081973
Serpentine Curve,Bant Ephemerate,1.0,1,1.0,0.2065493117918027,1.0
Serpentine Curve,Gates,1.0,1,1.0,0.2065493117918027,1.0
Serpentine Curve,Jund Midrange,0.0,1,0.0,0.0,0.7934506882081973
Serpentine Curve,Orzhov Midrange,1.0,1,1.0,0.2065493117918027,1.0
Serpentine Curve,Red Rally,0.0,1,0.0,0.0,0.7934506882081973
Simic Bogles,Grixis Affinity,0.0,2,0.0,0.0,0.6576197760453506
Simic Bogles,Boros Synthesizer,1.0,1,1.0,0.2065493117918027,1.0
Simic Bogles,Dimir Faeries,1.0,1,1.0,0.2065493117918027,1.0
Simic Bogles,Elves,0.0,1,0.0,0.0,0.7934506882081973
Simic Bogles,Red Madness,0.0,1,0.0,0.0,0.7934506882081973
Simic Bogles,Spy Combo,0.0,1,0.0,0.0,0.7934506882081973
Simic Bogles,Tireless Tribe,0.0,1,0.0,0.0,0.7934506882081973
Simic Control,Elves,2.0,5,0.4,0.11762077314099711,0.7692757205908813
Simic Control,Mono Blue Terror,2.0,5,0.4,0.11762077314099711,0.7692757205908813
Simic Control,Red Madness,4.0,5,0.8,0.375534627029995,0.9637758917743693
Simic Control,Dimir Faeries,3.0,4,0.75,0.3006418400969081,0.954412739704631
Simic Control,White Aggro,1.0,4,0.25,0.04558726029536886,0.6993581599030918
Simic Control,Golgari Garden,0.0,3,0.0,0.0,0.5614970356393196
Simic Control,Jund Midrange,1.0,3,0.3333333333333333,0.06149194402093078,0.7923404011921757
Simic Control,Serpentine Curve,1.0,2,0.5,0.09453120463920084,0.9054687953607992
Simic Control,Altar Tron,1.0,1,1.0,0.2065493117918027,1.0
Simic Control,Aura Bogles,1.0,1,1.0,0.2065493117918027,1.0
Simic Control,Boros Synthesizer,1.0,1,1.0,0.2065493117918027,1.0
Simic Control,Gates,0.0,1,0.0,0.0,0.7934506882081973
Simic Control,Grixis Affinity,1.0,1,1.0,0.2065493117918027,1.0
Simic Control,Jeskai Ephemerate,1.0,1,1.0,0.2065493117918027,1.0
Simic Control,Mono Black Pestilence,1.0,1,1.0,0.2065493117918027,1.0
Simic Control,Orzhov Ephemerate,0.0,1,0.0,0.0,0.7934506882081973
Simic Control,Rakdos Madness,1.0,1,1.0,0.2065493117918027,1.0
Simic Control,Spy Combo,1.0,1,1.0,0.2065493117918027,1.0
Simic Control,Tireless Tribe,1.0,1,1.0,0.2065493117918027,1.0
Simic Control,Tron,1.0,1,1.0,0.2065493117918027,1.0
Simic Control,Turbo Fog,0.0,1,0.0,0.0,0.7934506882081973
Simic Faeries,Grixis Affinity,1.0,7,0.14285714285714285,0.025679624057823897,0.5131278321392249
Simic Faeries,Jund Midrange,3.0,4,0.75,0.3006418400969081,0.954412739704631
Simic Faeries,Red Madness,1.0,4,0.25,0.04558726029536886,0.6993581599030918
Simic Faeries,Mono Blue Faeries,1.0,2,0.5,0.09453120463920084,0.9054687953607992
Simic Faeries,Red Rally,2.0,2,1.0,0.3423802239546494,1.0
Simic Faeries,Tron,2.0,2,1.0,0.3423802239546494,1.0
Simic Faeries,Cycle Storm,1.0,1,1.0,0.2065493117918027,1.0
Simic Faeries,Dimir Faeries,0.0,1,0.0,0.0,0.7934506882081973
Simic Faeries,Ephemerate Tron,1.0,1,1.0,0.2065493117918027,1.0
Simic Faeries,Esper Affinity,0.0,1,0.0,0.0,0.7934506882081973
Simic Faeries,Golgari Garden,0.0,1,0.0,0.0,0.7934506882081973
Simic Faeries,Jund Garden,0.0,1,0.0,0.0,0.7934506882081973
Simic Faeries,Jund Graveyard,0.0,1,0.0,0.0,0.7934506882081973
Simic Faeries,Mono Black Sacrifice,0.0,1,0.0,0.0,0.7934506882081973
Simic Faeries,Rakdos Madness,1.0,1,1.0,0.2065493117918027,1.0
Simic Faeries,Simic Slime,1.0,1,1.0,0.2065493117918027,1.0
Simic Faeries,Spy Combo,0.0,1,0.0,0.0,0.7934506882081973
Simic Graveyard,Mono Black Sacrifice,1.0,3,0.3333333333333333,0.06149194402093078,0.7923404011921757
Simic Graveyard,Elves,1.0,2,0.5,0.09453120463920084,0.9054687953607992
Simic Graveyard,Rakdos Madness,1.0,2,0.5,0.09453120463920084,0.9054687953607992
Simic Graveyard,Azorius Familiars,1.0,1,1.0,0.2065493117918027,1.0
Simic Graveyard,Dimir Affinity,1.0,1,1.0,0.2065493117918027,1.0
Simic Graveyard,Dimir Faeries,0.0,1,0.0,0.0,0.7934506882081973
Simic Graveyard,Dimir Terror,0.0,1,0.0,0.0,0.7934506882081973
Simic Graveyard,Gates,1.0,1,1.0,0.2065493117918027,1.0
Simic Graveyard,Golgari Garden,0.0,1,0.0,0.0,0.7934506882081973
Simic Graveyard,Jund Graveyard,0.0,1,0.0,0.0,0.7934506882081973
Simic Graveyard,Jund Midrange,1.0,1,1.0,0.2065493117918027,1.0
Simic Graveyard,Mono Red Burn,0.0,1,0.0,0.0,0.7934506882081973
Simic Graveyard,Red Rally,1.0,1,1.0,0.2065493117918027,1.0
Simic Graveyard,Tireless Tribe,0.0,1,0.0,0.0,0.7934506882081973
Simic Graveyard,Tron,1.0,1,1.0,0.2065493117918027,1.0
Simic Graveyard,Turbo Fog,1.0,1,1.0,0.2065493117918027,1.0
Simic Graveyard,Walls Combo,0.0,1,0.0,0.0,0.7934506882081973
Simic Graveyard,White Aggro,1.0,1,1.0,0.2065493117918027,1.0
Simic Ramp,Grixis Affinity,1.0,3,0.3333333333333333,0.06149194402093078,0.7923404011921757
Simic Ramp,Mono Blue Terror,0.0,3,0.0,0.0,0.5614970356393196
Simic Ramp,Jund Midrange,0.0,2,0.0,0.0,0.6576197760453506
Simic Ramp,Spy Combo,0.0,2,0.0,0.0,0.6576197760453506
Simic Ramp,Azorius Familiars,1.0,1,1.0,0.2065493117918027,1.0
Simic Ramp,Dimir Terror,0.0,1,0.0,0.0,0.7934506882081973
Simic Ramp,Ephemerate Tron,0.0,1,0.0,0.0,0.7934506882081973
Simic Ramp,Gruul Ponza,1.0,1,1.0,0.2065493117918027,1.0
Simic Ramp,Jeskai Ephemerate,0.0,1,0.0,0.0,0.7934506882081973
Simic Ramp,Red Rally,0.0,1,0.0,0.0,0.7934506882081973
Simic Ramp,Tron,1.0,1,1.0,0.2065493117918027,1.0
Simic Ramp,Turbo Fog,0.0,1,0.0,0.0,0.7934506882081973
Simic Ramp,Walls Combo,0.0,1,0.0,0.0,0.7934506882081973
Simic Slime,Altar Tron,0.0,1,0.0,0.0,0.7934506882081973
Simic Slime,Dimir Terror,0.0,1,0.0,0.0,0.7934506882081973
Simic Slime,Elves,1.0,1,1.0,0.2065493117918027,1.0
Simic Slime,Mono Green Ramp,1.0,1,1.0,0.2065493117918027,1.0
Simic Slime,Mono White Heroic,0.0,1,0.0,0.0,0.7934506882081973
Simic Slime,Red Madness,0.0,1,0.0,0.0,0.7934506882081973
Simic Slime,Red Rally,0.0,1,0.0,0.0,0.7934506882081973
Simic Slime,Simic Faeries,0.0,1,0.0,0.0,0.7934506882081973
Simic Slime,Sultai Terror,0.0,1,0.0,0.0,0.7934506882081973
Simic Slime,Tron,1.0,1,1.0,0.2065493117918027,1.0
Slivers,Red Rally,1.0,6,0.16666666666666666,0.030053369411815023,0.5635028250257673
Slivers,Gates,2.0,5,0.4,0.11762077314099711,0.7692757205908813
Slivers,Dimir Terror,2.0,4,0.5,0.15003898774401986,0.8499610122559802
Slivers,Elves,1.0,4,0.25,0.04558726029536886,0.6993581599030918
Slivers,Golgari Garden,0.0,4,0.0,0.0,0.4898908403969213
Slivers,Grixis Affinity,2.0,3,0.6666666666666666,0.2076595988078242,0.9385080559790691
Slivers,Rakdos Madness,1.0,3,0.3333333333333333,0.06149194402093078,0.7923404011921757
Slivers,Red Madness,1.0,3,0.3333333333333333,0.06149194402093078,0.7923404011921757
Slivers,Ephemerate Tron,0.0,2,0.0,0.0,0.6576197760453506
Slivers,Jund Midrange,2.0,2,1.0,0.3423802239546494,1.0
Slivers,Spy Combo,1.0,2,0.5,0.09453120463920084,0.9054687953607992
Slivers,Tron,1.0,2,0.5,0.09453120463920084,0.9054687953607992
Slivers,Altar Tron,1.0,1,1.0,0.2065493117918027,1.0
Slivers,Azorius Faeries,1.0,1,1.0,0.2065493117918027,1.0
Slivers,Azorius Familiars,0.0,1,0.0,0.0,0.7934506882081973
Slivers,Black Burn,1.0,1,1.0,0.2065493117918027,1.0
Slivers,Boros Synthesizer,0.0,1,0.0,0.0,0.7934506882081973
Slivers,Caw Gates,1.0,1,1.0,0.2065493117918027,1.0
Slivers,Dimir Faeries,0.0,1,0.0,0.0,0.7934506882081973
Slivers,Gruul Ponza,1.0,1,1.0,0.2065493117918027,1.0
Slivers,Gruul Ramp,0.0,1,0.0,0.0,0.7934506882081973
Slivers,Infect,0.0,1,0.0,0.0,0.7934506882081973
Slivers,Izzet Terror,0.0,1,0.0,0.0,0.7934506882081973
Slivers,Jeskai Ephemerate,0.0,1,0.0,0.0,0.7934506882081973
Slivers,Mono Blue Terror,1.0,1,1.0,0.2065493117918027,1.0
Slivers,Mono Red Burn,0.0,1,0.0,0.0,0.7934506882081973
Slivers,Mono White Heroic,1.0,1,1.0,0.2065493117918027,1.0
Slivers,Ruby Storm,0.0,1,0.0,0.0,0.7934506882081973
Slivers,WURG Ephemerate,0.0,1,0.0,0.0,0.7934506882081973
Slivers,White Aggro,1.0,1,1.0,0.2065493117918027,1.0
Spy Combo,Grixis Affinity,35.0,70,0.5,0.38595717560026627,0.6140428243997338
Spy Combo,Red Madness,35.0,69,0.5072463768115942,0.3920526747627859,0.6216757707592844
Spy Combo,Gates,23.0,39,0.5897435897435898,0.4341862276510412,0.7292069009395471
Spy Combo,Mono Blue Terror,21.0,39,0.5384615384615384,0.3856944815828638,0.6843311449559597
Spy Combo,Jund Midrange,16.0,37,0.43243243243243246,0.28671719177381483,0.5908581902777351
Spy Combo,Tron,21.0,32,0.65625,0.48311087843973016,0.7958956216338071
Spy Combo,Elves,15.0,29,0.5172413793103449,0.34431021760122926,0.6861390996356954
Spy Combo,Jeskai Ephemerate,13.0,24,0.5416666666666666,0.35074865225073715,0.7210866638699854
Spy Combo,Red Rally,17.0,24,0.7083333333333334,0.5083230617667995,0.8508535188368138
Spy Combo,Azorius Familiars,13.0,22,0.5909090909090909,0.387348183298974,0.7674418391364541
Spy Combo,Rakdos Madness,14.0,20,0.7,0.4810271799475211,0.8545227559784271
Spy Combo,Dimir Faeries,13.0,17,0.7647058823529411,0.5273820168822574,0.9044495574456308
Spy Combo,Dimir Terror,9.0,17,0.5294117647058824,0.3096323491502231,0.7383489368862088
Spy Combo,Gruul Ramp,12.0,17,0.7058823529411765,0.46866889751771845,0.8672001047373057
Spy Combo,Mono Blue Faeries,5.0,17,0.29411764705882354,0.1327998952626943,0.5313311024822815
Spy Combo,Tireless Tribe,8.0,15,0.5333333333333333,0.3011697987531101,0.751904647673791
Spy Combo,White Aggro,12.0,15,0.8,0.5481455107594471,0.9295245070826608
Spy Combo,Gruul Ponza,9.0,14,0.6428571428571429,0.38764422924295516,0.8365526834990504
Spy Combo,Ephemerate Tron,9.0,13,0.6923076923076923,0.42369342985078007,0.8731929643292967
Spy Combo,Golgari Garden,4.0,13,0.3076923076923077,0.12680703567070326,0.5763065701492199
Spy Combo,Golgari Midrange,5.0,10,0.5,0.23659308901147935,0.7634069109885206
Spy Combo,Mono Red Burn,7.0,8,0.875,0.5291118149439162,0.9775825088000281
Spy Combo,Mono White Heroic,8.0,8,1.0,0.6755924316585924,1.0
Spy Combo,Aura Bogles,4.0,7,0.5714285714285714,0.25045836275303557,0.8417801460075546
Spy Combo,Turbo Fog,5.0,7,0.7142857142857143,0.3589344495310541,0.9177810767507166
Spy Combo,Walls Combo,5.0,7,0.7142857142857143,0.3589344495310541,0.9177810767507166
Spy Combo,Altar Tron,6.0,6,1.0,0.6096657083436265,1.0
Spy Combo,Mono Black Sacrifice,6.0,6,1.0,0.6096657083436265,1.0
Spy Combo,Orzhov Midrange,6.0,6,1.0,0.6096657083436265,1.0
Spy Combo,Burn,3.0,5,0.6,0.23072427940911855,0.8823792268590028
Spy Combo,Izzet Terror,3.0,5,0.6,0.23072427940911855,0.8823792268590028
Spy Combo,Ruby Storm,3.0,5,0.6,0.23072427940911855,0.8823792268590028
Spy Combo,Caw Gates,3.0,4,0.75,0.3006418400969081,0.954412739704631
Spy Combo,Cycle Storm,1.0,4,0.25,0.04558726029536886,0.6993581599030918
Spy Combo,Jund Garden,2.0,3,0.6666666666666666,0.2076595988078242,0.9385080559790691
Spy Combo,Mono Black Midrange,3.0,3,1.0,0.43850296436068037,1.0
Spy Combo,Abzan Garden,0.0,2,0.0,0.0,0.6576197760453506
Spy Combo,Dimir Ephemerate,1.0,2,0.5,0.09453120463920084,0.9054687953607992
Spy Combo,Gruul Garden,1.0,2,0.5,0.09453120463920084,0.9054687953607992
Spy Combo,Mardu Synthesizer,2.0,2,1.0,0.3423802239546494,1.0
Spy Combo,Mono White Ephemerate,1.0,2,0.5,0.09453120463920084,0.9054687953607992
Spy Combo,Simic Ramp,2.0,2,1.0,0.3423802239546494,1.0
Spy Combo,Slivers,1.0,2,0.5,0.09453120463920084,0.9054687953607992
Spy Combo,Temur Control,1.0,2,0.5,0.09453120463920084,0.9054687953607992
Spy Combo,Azorius Affinity,1.0,1,1.0,0.2065493117918027,1.0
Spy Combo,Azorius Faeries,1.0,1,1.0,0.2065493117918027,1.0
Spy Combo,Bant Ephemerate,0.0,1,0.0,0.0,0.7934506882081973
Spy Combo,Black Burn,1.0,1,1.0,0.2065493117918027,1.0
Spy Combo,Boros Bully,0.0,1,0.0,0.0,0.7934506882081973
Spy Combo,Dimir Affinity,1.0,1,1.0,0.2065493117918027,1.0
Spy Combo,Esper Ephemerate,1.0,1,1.0,0.2065493117918027,1.0
Spy Combo,Esper Midrange,1.0,1,1.0,0.2065493117918027,1.0
Spy Combo,Grixis Ephemerate,1.0,1,1.0,0.2065493117918027,1.0
Spy Combo,Infect,1.0,1,1.0,0.2065493117918027,1.0
Spy Combo,Mono Black Pestilence,1.0,1,1.0,0.2065493117918027,1.0
Spy Combo,Mono Red Graveyard,1.0,1,1.0,0.2065493117918027,1.0
Spy Combo,Rakdos Affinity,1.0,1,1.0,0.2065493117918027,1.0
Spy Combo,Rakdos Goblins,0.0,1,0.0,0.0,0.7934506882081973
Spy Combo,Reanimator,1.0,1,1.0,0.2065493117918027,1.0
Spy Combo,Simic Bogles,1.0,1,1.0,0.2065493117918027,1.0
Spy Combo,Simic Control,0.0,1,0.0,0.0,0.7934506882081973
Spy Combo,Simic Faeries,1.0,1,1.0,0.2065493117918027,1.0
Spy Combo,Tortex,1.0,1,1.0,0.2065493117918027,1.0
Spy Combo,UBRG Proliferate Poison,1.0,1,1.0,0.2065493117918027,1.0
Spy Combo,WUBR Affinity,1.0,1,1.0,0.2065493117918027,1.0
Sultai Affinity,Golgari Midrange,0.0,1,0.0,0.0,0.7934506882081973
Sultai Affinity,Mono Blue Terror,0.0,1,0.0,0.0,0.7934506882081973
Sultai Affinity,Red Rally,0.0,1,0.0,0.0,0.7934506882081973
Sultai Control,White Aggro,1.0,3,0.3333333333333333,0.06149194402093078,0.7923404011921757
Sultai Control,Dimir Faeries,1.0,2,0.5,0.09453120463920084,0.9054687953607992
Sultai Control,Grixis Affinity,1.0,2,0.5,0.09453120463920084,0.9054687953607992
Sultai Control,Red Rally,2.0,2,1.0,0.3423802239546494,1.0
Sultai Control,Esper Familiars,1.0,1,1.0,0.2065493117918027,1.0
Sultai Control,Gruul Ramp,0.0,1,0.0,0.0,0.7934506882081973
Sultai Control,Rakdos Madness,1.0,1,1.0,0.2065493117918027,1.0
Sultai Control,Red Madness,0.0,1,0.0,0.0,0.7934506882081973
Sultai Control,Selesnya Ramp,1.0,1,1.0,0.2065493117918027,1.0
Sultai Ephemerate,Mono Black Sacrifice,0.0,1,0.0,0.0,0.7934506882081973
Sultai Ephemerate,Red Madness,0.0,1,0.0,0.0,0.7934506882081973
Sultai Ephemerate,Sultai Proliferate Poison,1.0,1,1.0,0.2065493117918027,1.0
Sultai Faeries,Mono Blue Terror,1.0,2,0.5,0.09453120463920084,0.9054687953607992
Sultai Faeries,Esper Affinity,1.0,1,1.0,0.2065493117918027,1.0
Sultai Faeries,Gruul Ramp,0.0,1,0.0,0.0,0.7934506882081973
Sultai Faeries,Rakdos Madness,0.0,1,0.0,0.0,0.7934506882081973
Sultai Faeries,Red Rally,1.0,1,1.0,0.2065493117918027,1.0
Sultai Garden,Gates,0.0,1,0.0,0.0,0.7934506882081973
Sultai Garden,Gruul Ramp,0.0,1,0.0,0.0,0.7934506882081973
Sultai Garden,Red Madness,0.0,1,0.0,0.0,0.7934506882081973
Sultai Garden,Tron,0.0,1,0.0,0.0,0.7934506882081973
Sultai Midrange,Gates,0.0,2,0.0,0.0,0.6576197760453506
Sultai Midrange,Grixis Affinity,1.0,2,0.5,0.09453120463920084,0.9054687953607992
Sultai Midrange,Golgari Midrange,1.0,1,1.0,0.2065493117918027,1.0
Sultai Midrange,Gruul Ramp,1.0,1,1.0,0.2065493117918027,1.0
Sultai Midrange,Orzhov Midrange,0.0,1,0.0,0.0,0.7934506882081973
Sultai Midrange,Red Rally,0.0,1,0.0,0.0,0.7934506882081973
Sultai Proliferate Poison,Gruul Ponza,1.0,3,0.3333333333333333,0.06149194402093078,0.7923404011921757
Sultai Proliferate Poison,Dimir Faeries,0.0,2,0.0,0.0,0.6576197760453506
Sultai Proliferate Poison,Elves,1.0,2,0.5,0.09453120463920084,0.9054687953607992
Sultai Proliferate Poison,Grixis Affinity,0.0,2,0.0,0.0,0.6576197760453506
Sultai Proliferate Poison,Jeskai Ephemerate,0.0,2,0.0,0.0,0.6576197760453506
Sultai Proliferate Poison,Mono Blue Faeries,0.0,2,0.0,0.0,0.6576197760453506
Sultai Proliferate Poison,Altar Tron,1.0,1,1.0,0.2065493117918027,1.0
Sultai Proliferate Poison,Azorius Affinity,1.0,1,1.0,0.2065493117918027,1.0
Sultai Proliferate Poison,Dimir Terror,1.0,1,1.0,0.2065493117918027,1.0
Sultai Proliferate Poison,Ephemerate Tron,1.0,1,1.0,0.2065493117918027,1.0
Sultai Proliferate Poison,Gates,1.0,1,1.0,0.2065493117918027,1.0
Sultai Proliferate Poison,Gruul Ramp,0.0,1,0.0,0.0,0.7934506882081973
Sultai Proliferate Poison,Jund Midrange,1.0,1,1.0,0.2065493117918027,1.0
Sultai Proliferate Poison,Mardu Ephemerate,1.0,1,1.0,0.2065493117918027,1.0
Sultai Proliferate Poison,Mono Black Sacrifice,0.0,1,0.0,0.0,0.7934506882081973
Sultai Proliferate Poison,Mono Blue Terror,0.0,1,0.0,0.0,0.7934506882081973
Sultai Proliferate Poison,Mono Red Burn,0.0,1,0.0,0.0,0.7934506882081973
Sultai Proliferate Poison,Rakdos Madness,1.0,1,1.0,0.2065493117918027,1.0
Sultai Proliferate Poison,Sultai Ephemerate,0.0,1,0.0,0.0,0.7934506882081973
Sultai Proliferate Poison,Tireless Tribe,0.0,1,0.0,0.0,0.7934506882081973
Sultai Proliferate Poison,Tron,1.0,1,1.0,0.2065493117918027,1.0
Sultai Terror,Grixis Affinity,0.0,1,0.0,0.0,0.7934506882081973
Sultai Terror,Simic Slime,1.0,1,1.0,0.2065493117918027,1.0
Sultai Terror,White Aggro,0.0,1,0.0,0.0,0.7934506882081973
Temur Control,Grixis Affinity,5.0,6,0.8333333333333334,0.4364971749742326,0.969946630588185
Temur Control,Jund Midrange,3.0,4,0.75,0.3006418400969081,0.954412739704631
Temur Control,Mono Blue Terror,0.0,3,0.0,0.0,0.5614970356393196
Temur Control,Tireless Tribe,1.0,3,0.3333333333333333,0.06149194402093078,0.7923404011921757
Temur Control,Dimir Affinity,0.0,2,0.0,0.0,0.6576197760453506
Temur Control,Red Madness,0.0,2,0.0,0.0,0.6576197760453506
Temur Control,Spy Combo,1.0,2,0.5,0.09453120463920084,0.9054687953607992
Temur Control,Temur Ramp,1.0,2,0.5,0.09453120463920084,0.9054687953607992
Temur Control,Abzan Garden,1.0,1,1.0,0.2065493117918027,1.0
Temur Control,Azorius Familiars,0.0,1,0.0,0.0,0.7934506882081973
Temur Control,Burn,1.0,1,1.0,0.2065493117918027,1.0
Temur Control,Dimir Terror,0.0,1,0.0,0.0,0.7934506882081973
Temur Control,Elves,0.0,1,0.0,0.0,0.7934506882081973
Temur Control,Esper Midrange,1.0,1,1.0,0.2065493117918027,1.0
Temur Control,Gates,1.0,1,1.0,0.2065493117918027,1.0
Temur Control,Izzet Terror,1.0,1,1.0,0.2065493117918027,1.0
Temur Control,Red Rally,0.0,1,0.0,0.0,0.7934506882081973
Temur Control,Tron,0.0,1,0.0,0.0,0.7934506882081973
Temur Garden,Grixis Affinity,2.0,4,0.5,0.15003898774401986,0.8499610122559802
Temur Garden,Azorius Familiars,1.0,2,0.5,0.09453120463920084,0.9054687953607992
Temur Garden,Dimir Terror,1.0,2,0.5,0.09453120463920084,0.9054687953607992
Temur Garden,Gates,2.0,2,1.0,0.3423802239546494,1.0
Temur Garden,Tireless Tribe,2.0,2,1.0,0.3423802239546494,1.0
Temur Garden,Elves,0.0,1,0.0,0.0,0.7934506882081973
Temur Garden,Esper Affinity,0.0,1,0.0,0.0,0.7934506882081973
Temur Garden,Gruul Ponza,1.0,1,1.0,0.2065493117918027,1.0
Temur Garden,Infect,0.0,1,0.0,0.0,0.7934506882081973
Temur Garden,Orzhov Midrange,1.0,1,1.0,0.2065493117918027,1.0
Temur Garden,Red Madness,0.0,1,0.0,0.0,0.7934506882081973
Temur Garden,Ruby Storm,0.0,1,0.0,0.0,0.7934506882081973
Temur Garden,Tron,1.0,1,1.0,0.2065493117918027,1.0
Temur Midrange,Gates,0.0,1,0.0,0.0,0.7934506882081973
Temur Midrange,Rakdos Madness,0.0,1,0.0,0.0,0.7934506882081973
Temur Ramp,Red Rally,1.0,3,0.3333333333333333,0.06149194402093078,0.7923404011921757
Temur Ramp,Grixis Affinity,1.0,2,0.5,0.09453120463920084,0.9054687953607992
Temur Ramp,Jund Midrange,2.0,2,1.0,0.3423802239546494,1.0
Temur Ramp,Temur Control,1.0,2,0.5,0.09453120463920084,0.9054687953607992
Temur Ramp,Altar Tron,1.0,1,1.0,0.2065493117918027,1.0
Temur Ramp,Bant Familiars,0.0,1,0.0,0.0,0.7934506882081973
Temur Ramp,Dimir Terror,1.0,1,1.0,0.2065493117918027,1.0
Temur Ramp,Gruul Ramp,1.0,1,1.0,0.2065493117918027,1.0
Temur Ramp,Jund Garden,0.0,1,0.0,0.0,0.7934506882081973
Temur Ramp,Red Madness,0.0,1,0.0,0.0,0.7934506882081973
Tireless Tribe,Grixis Affinity,16.0,30,0.5333333333333333,0.3614229949695976,0.6976761120463056
Tireless Tribe,Red Madness,17.0,27,0.6296296296296297,0.44229234270537493,0.7846748713600142
Tireless Tribe,Jund Midrange,11.0,21,0.5238095238095238,0.32369534446905174,0.7165599402458462
Tireless Tribe,Gates,9.0,18,0.5,0.2903102136885988,0.7096897863114012
Tireless Tribe,Spy Combo,7.0,15,0.4666666666666667,0.24809535232620925,0.6988302012468901
Tireless Tribe,Elves,10.0,14,0.7142857142857143,0.45350915474002584,0.8827862143729825
Tireless Tribe,Rakdos Madness,7.0,13,0.5384615384615384,0.29143795558562896,0.7679393232503864
Tireless Tribe,Dimir Faeries,4.0,12,0.3333333333333333,0.13812009012485987,0.6093779130595061
Tireless Tribe,Tron,9.0,12,0.75,0.4676946629183366,0.9110583323051143
Tireless Tribe,Red Rally,8.0,11,0.7272727272727273,0.4343546966810743,0.9025394078669138
Tireless Tribe,Jeskai Ephemerate,4.0,10,0.4,0.1681803285264069,0.6873262320788047
Tireless Tribe,Mono Blue Terror,3.0,10,0.3,0.10779126655639398,0.6032218546540291
Tireless Tribe,Ephemerate Tron,7.0,9,0.7777777777777778,0.4525889666922117,0.9367748934594303
Tireless Tribe,White Aggro,6.0,9,0.6666666666666666,0.35420213352505864,0.8794161825659264
Tireless Tribe,Dimir Terror,3.0,8,0.375,0.13684428473912286,0.694257607346229
Tireless Tribe,Ruby Storm,6.0,8,0.75,0.40927542792725174,0.9285207879020445
Tireless Tribe,Golgari Garden,3.0,7,0.42857142857142855,0.15821985399244537,0.7495416372469643
Tireless Tribe,Caw Gates,3.0,6,0.5,0.18761630498040816,0.8123836950195918
Tireless Tribe,Mono Blue Faeries,2.0,6,0.3333333333333333,0.09677141021353453,0.7000066870052566
Tireless Tribe,Altar Tron,1.0,4,0.25,0.04558726029536886,0.6993581599030918
Tireless Tribe,Burn,3.0,4,0.75,0.3006418400969081,0.954412739704631
Tireless Tribe,Gruul Ramp,3.0,4,0.75,0.3006418400969081,0.954412739704631
Tireless Tribe,Mono Black Sacrifice,2.0,4,0.5,0.15003898774401986,0.8499610122559802
Tireless Tribe,Aura Bogles,3.0,3,1.0,0.43850296436068037,1.0
Tireless Tribe,Azorius Familiars,3.0,3,1.0,0.43850296436068037,1.0
Tireless Tribe,Gruul Ponza,3.0,3,1.0,0.43850296436068037,1.0
Tireless Tribe,Orzhov Midrange,2.0,3,0.6666666666666666,0.2076595988078242,0.9385080559790691
Tireless Tribe,Temur Control,2.0,3,0.6666666666666666,0.2076595988078242,0.9385080559790691
Tireless Tribe,Cycle Storm,1.0,2,0.5,0.09453120463920084,0.9054687953607992
Tireless Tribe,Golgari Midrange,1.0,2,0.5,0.09453120463920084,0.9054687953607992
Tireless Tribe,Izzet Terror,0.0,2,0.0,0.0,0.6576197760453506
Tireless Tribe,Jund Graveyard,1.0,2,0.5,0.09453120463920084,0.9054687953607992
Tireless Tribe,Serpentine Curve,1.0,2,0.5,0.09453120463920084,0.9054687953607992
Tireless Tribe,Temur Garden,0.0,2,0.0,0.0,0.6576197760453506
Tireless Tribe,Turbo Fog,1.0,2,0.5,0.09453120463920084,0.9054687953607992
Tireless Tribe,Abzan Garden,0.0,1,0.0,0.0,0.7934506882081973
Tireless Tribe,Azorius Midrange,0.0,1,0.0,0.0,0.7934506882081973
Tireless Tribe,Black Burn,1.0,1,1.0,0.2065493117918027,1.0
Tireless Tribe,Boros Midrange,0.0,1,0.0,0.0,0.7934506882081973
Tireless Tribe,Boros Synthesizer,0.0,1,0.0,0.0,0.7934506882081973
Tireless Tribe,Dimir Affinity,0.0,1,0.0,0.0,0.7934506882081973
Tireless Tribe,Dimir Ephemerate,1.0,1,1.0,0.2065493117918027,1.0
Tireless Tribe,Dimir Midrange,1.0,1,1.0,0.2065493117918027,1.0
Tireless Tribe,Esper Midrange,1.0,1,1.0,0.2065493117918027,1.0
Tireless Tribe,Izzet Affinity,0.0,1,0.0,0.0,0.7934506882081973
Tireless Tribe,Jund Garden,0.0,1,0.0,0.0,0.7934506882081973
Tireless Tribe,Mono Red Burn,1.0,1,1.0,0.2065493117918027,1.0
Tireless Tribe,Mono Red Kiln Fiend,1.0,1,1.0,0.2065493117918027,1.0
Tireless Tribe,Mono White Ephemerate,1.0,1,1.0,0.2065493117918027,1.0
Tireless Tribe,Orzhov Ephemerate,1.0,1,1.0,0.2065493117918027,1.0
Tireless Tribe,Reanimator,0.0,1,0.0,0.0,0.7934506882081973
Tireless Tribe,Selesnya Linfelink,1.0,1,1.0,0.2065493117918027,1.0
Tireless Tribe,Simic Bogles,1.0,1,1.0,0.2065493117918027,1.0
Tireless Tribe,Simic Control,0.0,1,0.0,0.0,0.7934506882081973
Tireless Tribe,Simic Graveyard,1.0,1,1.0,0.2065493117918027,1.0
Tireless Tribe,Sultai Proliferate Poison,1.0,1,1.0,0.2065493117918027,1.0
Tireless Tribe,Walls Combo,0.0,1,0.0,0.0,0.7934506882081973
Tortex,Altar Tron,1.0,2,0.5,0.09453120463920084,0.9054687953607992
Tortex,Mono Blue Faeries,1.0,2,0.5,0.09453120463920084,0.9054687953607992
Tortex,Aura Bogles,1.0,1,1.0,0.2065493117918027,1.0
Tortex,Dimir Terror,1.0,1,1.0,0.2065493117918027,1.0
Tortex,Jeskai Ephemerate,0.0,1,0.0,0.0,0.7934506882081973
Tortex,Red Rally,1.0,1,1.0,0.2065493117918027,1.0
Tortex,Spy Combo,0.0,1,0.0,0.0,0.7934506882081973
Tron,Red Madness,37.0,80,0.4625,0.35747993485014634,0.5709564249167455
Tron,Grixis Affinity,50.0,76,0.6578947368421053,0.5459589772527303,0.7546367324985396
Tron,Red Rally,24.0,48,0.5,0.36389330403275494,0.636106695967245
Tron,Mono Blue Terror,19.0,44,0.4318181818181818,0.29682723314405296,0.5777585311636957
Tron,Rakdos Madness,27.0,37,0.7297297297297297,0.5702183154343927,0.8460253855903379
Tron,Dimir Faeries,16.0,32,0.5,0.33630882754048685,0.6636911724595131
Tron,Jund Midrange,15.0,32,0.46875,0.30869386997660414,0.6355048300086883
Tron,Spy Combo,11.0,32,0.34375,0.20410437836619277,0.5168891215602698
Tron,White Aggro,19.0,31,0.6129032258064516,0.43824108487672686,0.7626689867666228
Tron,Gates,20.0,28,0.7142857142857143,0.5294071141762103,0.8474600402068736
Tron,Golgari Garden,16.0,25,0.64,0.44518497600865714,0.7975211932184335
Tron,Mono Blue Faeries,16.0,24,0.6666666666666666,0.46706316684738447,0.8202780976355061
Tron,Elves,6.0,23,0.2608695652173913,0.12548615971944993,0.46470005002993314
Tron,Altar Tron,11.0,21,0.5238095238095238,0.32369534446905174,0.7165599402458462
Tron,Ephemerate Tron,8.0,20,0.4,0.21880653127178018,0.6134185007652458
Tron,Turbo Fog,5.0,17,0.29411764705882354,0.1327998952626943,0.5313311024822815
Tron,Gruul Ponza,2.0,16,0.125,0.03497748742626902,0.36022827482178466
Tron,Mono Red Burn,6.0,16,0.375,0.18481232451546453,0.6135895962338866
Tron,Jeskai Ephemerate,7.0,15,0.4666666666666667,0.24809535232620925,0.6988302012468901
Tron,Dimir Terror,10.0,14,0.7142857142857143,0.45350915474002584,0.8827862143729825
Tron,Gruul Ramp,7.0,13,0.5384615384615384,0.29143795558562896,0.7679393232503864
Tron,Azorius Familiars,5.0,12,0.4166666666666667,0.1932603124346072,0.6804886891575758
Tron,Golgari Midrange,5.0,12,0.4166666666666667,0.1932603124346072,0.6804886891575758
Tron,Tireless Tribe,3.0,12,0.25,0.08894166769488562,0.5323053370816633
Tron,Mono Black Sacrifice,3.0,11,0.2727272727272727,0.09746059213308628,0.5656453033189257
Tron,Aura Bogles,3.0,9,0.3333333333333333,0.12058381743407343,0.6457978664749412
Tron,Mono White Heroic,6.0,9,0.6666666666666666,0.35420213352505864,0.8794161825659264
Tron,Orzhov Midrange,7.0,8,0.875,0.5291118149439162,0.9775825088000281
Tron,Ruby Storm,1.0,8,0.125,0.022417491199971912,0.47088818505608376
Tron,Burn,4.0,7,0.5714285714285714,0.25045836275303557,0.8417801460075546
Tron,Dimir Affinity,3.0,6,0.5,0.18761630498040816,0.8123836950195918
Tron,Esper Affinity,2.0,6,0.3333333333333333,0.09677141021353453,0.7000066870052566
Tron,Walls Combo,1.0,6,0.16666666666666666,0.030053369411815023,0.5635028250257673
Tron,Caw Gates,3.0,5,0.6,0.23072427940911855,0.8823792268590028
Tron,Mardu Synthesizer,1.0,5,0.2,0.03622410822563066,0.6244653729700049
Tron,Cycle Storm,2.0,4,0.5,0.15003898774401986,0.8499610122559802
Tron,Mono B Devotion,2.0,4,0.5,0.15003898774401986,0.8499610122559802
Tron,Infect,1.0,3,0.3333333333333333,0.06149194402093078,0.7923404011921757
Tron,Izzet Terror,3.0,3,1.0,0.43850296436068037,1.0
Tron,Mardu Ephemerate,2.0,3,0.6666666666666666,0.2076595988078242,0.9385080559790691
Tron,Esper Familiars,0.0,2,0.0,0.0,0.6576197760453506
Tron,Golgari Linfelink,1.0,2,0.5,0.09453120463920084,0.9054687953607992
Tron,Gruul Garden,1.0,2,0.5,0.09453120463920084,0.9054687953607992
Tron,Izzet Affinity,1.0,2,0.5,0.09453120463920084,0.9054687953607992
Tron,Izzet Faeries,1.0,2,0.5,0.09453120463920084,0.9054687953607992
Tron,Jund Graveyard,1.0,2,0.5,0.09453120463920084,0.9054687953607992
Tron,Mono Black Pestilence,1.0,2,0.5,0.09453120463920084,0.9054687953607992
Tron,Mono Red Graveyard,2.0,2,1.0,0.3423802239546494,1.0
Tron,Mono Red Synthesizer,1.0,2,0.5,0.09453120463920084,0.9054687953607992
Tron,Simic Faeries,0.0,2,0.0,0.0,0.6576197760453506
Tron,Slivers,1.0,2,0.5,0.09453120463920084,0.9054687953607992
Tron,Azorius Midrange,1.0,1,1.0,0.2065493117918027,1.0
Tron,Black Burn,0.0,1,0.0,0.0,0.7934506882081973
Tron,Boros Bully,1.0,1,1.0,0.2065493117918027,1.0
Tron,Boros Burn,0.0,1,0.0,0.0,0.7934506882081973
Tron,Boros Midrange,1.0,1,1.0,0.2065493117918027,1.0
Tron,Boros Synthesizer,0.0,1,0.0,0.0,0.7934506882081973
Tron,Esper Midrange,1.0,1,1.0,0.2065493117918027,1.0
Tron,Grixis Terror,0.0,1,0.0,0.0,0.7934506882081973
Tron,Izzet Control,0.0,1,0.0,0.0,0.7934506882081973
Tron,Jund Garden,0.0,1,0.0,0.0,0.7934506882081973
Tron,Mardu Midrange,0.0,1,0.0,0.0,0.7934506882081973
Tron,Mono Green Linfelink,0.0,1,0.0,0.0,0.7934506882081973
Tron,Mono White Ephemerate,0.0,1,0.0,0.0,0.7934506882081973
Tron,Simic Control,0.0,1,0.0,0.0,0.7934506882081973
Tron,Simic Graveyard,0.0,1,0.0,0.0,0.7934506882081973
Tron,Simic Ramp,0.0,1,0.0,0.0,0.7934506882081973
Tron,Simic Slime,0.0,1,0.0,0.0,0.7934506882081973
Tron,Sultai Garden,1.0,1,1.0,0.2065493117918027,1.0
Tron,Sultai Proliferate Poison,0.0,1,0.0,0.0,0.7934506882081973
Tron,Temur Control,1.0,1,1.0,0.2065493117918027,1.0
Tron,Temur Garden,0.0,1,0.0,0.0,0.7934506882081973
Tron,UBRG Control,0.0,1,0.0,0.0,0.7934506882081973
Tron,UBRG Proliferate Poison,1.0,1,1.0,0.2065493117918027,1.0
Turbo Fog,Grixis Affinity,14.5,35,0.4142857142857143,0.26761626242632697,0.5779096222131586
Turbo Fog,Jund Midrange,17.0,27,0.6296296296296297,0.44229234270537493,0.7846748713600142
Turbo Fog,Red Madness,5.5,23,0.2391304347826087,0.1108344870613307,0.4420959235743599
Turbo Fog,Tron,12.0,17,0.7058823529411765,0.46866889751771845,0.8672001047373057
Turbo Fog,Mono Blue Terror,7.0,16,0.4375,0.23098652281405668,0.6682144375606189
Turbo Fog,Dimir Faeries,6.0,15,0.4,0.19824496026274246,0.6425317004565552
Turbo Fog,Altar Tron,7.0,14,0.5,0.2679920230881164,0.7320079769118836
Turbo Fog,Gates,11.0,14,0.7857142857142857,0.5241076920169465,0.9242861334670647
Turbo Fog,Elves,7.0,11,0.6363636363636364,0.35380117262012434,0.8483352901086686
Turbo Fog,Gruul Ramp,4.0,9,0.4444444444444444,0.18877851977054566,0.7333487081991259
Turbo Fog,Jeskai Ephemerate,4.0,9,0.4444444444444444,0.18877851977054566,0.7333487081991259
Turbo Fog,Dimir Terror,6.0,8,0.75,0.40927542792725174,0.9285207879020445
Turbo Fog,Ephemerate Tron,4.0,8,0.5,0.21521606069626764,0.7847839393037324
Turbo Fog,Rakdos Madness,3.5,8,0.4375,0.17449862993712595,0.74105231610555
Turbo Fog,Golgari Garden,6.0,7,0.8571428571428571,0.486872167860775,0.9743203759421759
Turbo Fog,Red Rally,4.0,7,0.5714285714285714,0.25045836275303557,0.8417801460075546
Turbo Fog,Spy Combo,2.0,7,0.2857142857142857,0.08221892324928332,0.6410655504689458
Turbo Fog,White Aggro,4.0,7,0.5714285714285714,0.25045836275303557,0.8417801460075546
Turbo Fog,Ruby Storm,3.0,5,0.6,0.23072427940911855,0.8823792268590028
Turbo Fog,Aura Bogles,0.0,4,0.0,0.0,0.4898908403969213
Turbo Fog,Golgari Midrange,2.0,4,0.5,0.15003898774401986,0.8499610122559802
Turbo Fog,Gruul Ponza,2.0,4,0.5,0.15003898774401986,0.8499610122559802
Turbo Fog,Izzet Terror,3.0,4,0.75,0.3006418400969081,0.954412739704631
Turbo Fog,Mono Black Sacrifice,3.0,4,0.75,0.3006418400969081,0.954412739704631
Turbo Fog,Mono Blue Faeries,0.0,4,0.0,0.0,0.4898908403969213
Turbo Fog,Orzhov Midrange,2.0,4,0.5,0.15003898774401986,0.8499610122559802
Turbo Fog,Azorius Familiars,1.0,3,0.3333333333333333,0.06149194402093078,0.7923404011921757
Turbo Fog,Cycle Storm,0.0,3,0.0,0.0,0.5614970356393196
Turbo Fog,Jund Graveyard,1.0,3,0.3333333333333333,0.06149194402093078,0.7923404011921757
Turbo Fog,Mono B Devotion,2.0,3,0.6666666666666666,0.2076595988078242,0.9385080559790691
Turbo Fog,Mono Red Burn,1.0,3,0.3333333333333333,0.06149194402093078,0.7923404011921757
Turbo Fog,Mono White Heroic,1.0,3,0.3333333333333333,0.06149194402093078,0.7923404011921757
Turbo Fog,Caw Gates,1.0,2,0.5,0.09453120463920084,0.9054687953607992
Turbo Fog,Infect,2.0,2,1.0,0.3423802239546494,1.0
Turbo Fog,Jund Garden,1.0,2,0.5,0.09453120463920084,0.9054687953607992
Turbo Fog,Mardu Ephemerate,2.0,2,1.0,0.3423802239546494,1.0
Turbo Fog,Tireless Tribe,1.0,2,0.5,0.09453120463920084,0.9054687953607992
Turbo Fog,Walls Combo,1.0,2,0.5,0.09453120463920084,0.9054687953607992
Turbo Fog,Azorius Affinity,0.0,1,0.0,0.0,0.7934506882081973
Turbo Fog,Boros Bully,1.0,1,1.0,0.2065493117918027,1.0
Turbo Fog,Boros Midrange,1.0,1,1.0,0.2065493117918027,1.0
Turbo Fog,Esper Control,0.0,1,0.0,0.0,0.7934506882081973
Turbo Fog,Esper Midrange,1.0,1,1.0,0.2065493117918027,1.0
Turbo Fog,Grixis Ephemerate,0.0,1,0.0,0.0,0.7934506882081973
Turbo Fog,Gruul Garden,0.0,1,0.0,0.0,0.7934506882081973
Turbo Fog,Mono Green Linfelink,0.0,1,0.0,0.0,0.7934506882081973
Turbo Fog,Naya Ramp,1.0,1,1.0,0.2065493117918027,1.0
Turbo Fog,Simic Control,1.0,1,1.0,0.2065493117918027,1.0
Turbo Fog,Simic Graveyard,0.0,1,0.0,0.0,0.7934506882081973
Turbo Fog,Simic Ramp,1.0,1,1.0,0.2065493117918027,1.0
Turbo Fog,UBRG Proliferate Poison,0.0,1,0.0,0.0,0.7934506882081973
UBRG Control,Gruul Ponza,1.0,1,1.0,0.2065493117918027,1.0
UBRG Control,Mono Blue Faeries,1.0,1,1.0,0.2065493117918027,1.0
UBRG Control,Ruby Storm,0.0,1,0.0,0.0,0.7934506882081973
UBRG Control,Tron,1.0,1,1.0,0.2065493117918027,1.0
UBRG Ephemerate,Ephemerate Tron,1.0,2,0.5,0.09453120463920084,0.9054687953607992
UBRG Ephemerate,Red Madness,1.0,2,0.5,0.09453120463920084,0.9054687953607992
UBRG Ephemerate,Altar Tron,0.0,1,0.0,0.0,0.7934506882081973
UBRG Ephemerate,Dimir Affinity,1.0,1,1.0,0.2065493117918027,1.0
UBRG Proliferate Poison,Red Rally,2.0,4,0.5,0.15003898774401986,0.8499610122559802
UBRG Proliferate Poison,Grixis Affinity,0.0,3,0.0,0.0,0.5614970356393196
UBRG Proliferate Poison,Red Madness,1.0,3,0.3333333333333333,0.06149194402093078,0.7923404011921757
UBRG Proliferate Poison,Mono Blue Terror,0.0,2,0.0,0.0,0.6576197760453506
UBRG Proliferate Poison,Mono White Heroic,0.0,2,0.0,0.0,0.6576197760453506
UBRG Proliferate Poison,Cycle Storm,0.0,1,0.0,0.0,0.7934506882081973
UBRG Proliferate Poison,Dimir Control,1.0,1,1.0,0.2065493117918027,1.0
UBRG Proliferate Poison,Dimir Midrange,0.0,1,0.0,0.0,0.7934506882081973
UBRG Proliferate Poison,Dimir Terror,1.0,1,1.0,0.2065493117918027,1.0
UBRG Proliferate Poison,Elves,0.0,1,0.0,0.0,0.7934506882081973
UBRG Proliferate Poison,Ephemerate Tron,1.0,1,1.0,0.2065493117918027,1.0
UBRG Proliferate Poison,Esper Familiars,0.0,1,0.0,0.0,0.7934506882081973
UBRG Proliferate Poison,Gates,0.0,1,0.0,0.0,0.7934506882081973
UBRG Proliferate Poison,Gruul Ponza,0.0,1,0.0,0.0,0.7934506882081973
UBRG Proliferate Poison,Jund Midrange,1.0,1,1.0,0.2065493117918027,1.0
UBRG Proliferate Poison,Mono Black Sacrifice,1.0,1,1.0,0.2065493117918027,1.0
UBRG Proliferate Poison,Orzhov Midrange,0.0,1,0.0,0.0,0.7934506882081973
UBRG Proliferate Poison,Spy Combo,0.0,1,0.0,0.0,0.7934506882081973
UBRG Proliferate Poison,Tron,0.0,1,0.0,0.0,0.7934506882081973
UBRG Proliferate Poison,Turbo Fog,1.0,1,1.0,0.2065493117918027,1.0
WBRG Midrange,Grixis Affinity,0.0,2,0.0,0.0,0.6576197760453506
WBRG Midrange,Elves,1.0,1,1.0,0.2065493117918027,1.0
WBRG Midrange,Gates,0.0,1,0.0,0.0,0.7934506882081973
WBRG Midrange,Golgari Garden,0.0,1,0.0,0.0,0.7934506882081973
WBRG Midrange,Jeskai Ephemerate,0.0,1,0.0,0.0,0.7934506882081973
WBRG Midrange,Mono Blue Terror,0.0,1,0.0,0.0,0.7934506882081973
WBRG Midrange,Orzhov Midrange,1.0,1,1.0,0.2065493117918027,1.0
WUBR Affinity,Esper Affinity,0.0,2,0.0,0.0,0.6576197760453506
WUBR Affinity,Altar Tron,1.0,1,1.0,0.2065493117918027,1.0
WUBR Affinity,Dimir Ephemerate,0.5,1,0.5,0.0546207548032247,0.9453792451967753
WUBR Affinity,Esper Ephemerate,1.0,1,1.0,0.2065493117918027,1.0
WUBR Affinity,Gruul Ponza,0.0,1,0.0,0.0,0.7934506882081973
WUBR Affinity,Jund Midrange,1.0,1,1.0,0.2065493117918027,1.0
WUBR Affinity,Mono Blue Faeries,1.0,1,1.0,0.2065493117918027,1.0
WUBR Affinity,Mono White Heroic,0.0,1,0.0,0.0,0.7934506882081973
WUBR Affinity,Red Madness,0.0,1,0.0,0.0,0.7934506882081973
WUBR Affinity,Spy Combo,0.0,1,0.0,0.0,0.7934506882081973
WUBR Midrange,Jeskai Ephemerate,0.0,1,0.0,0.0,0.7934506882081973
WUBR Midrange,Mono Red Synthesizer,1.0,1,1.0,0.2065493117918027,1.0
WURG Ephemerate,Dimir Terror,1.0,1,1.0,0.2065493117918027,1.0
WURG Ephemerate,Gruul Ponza,0.0,1,0.0,0.0,0.7934506882081973
WURG Ephemerate,Izzet Terror,1.0,1,1.0,0.2065493117918027,1.0
WURG Ephemerate,Jund Midrange,1.0,1,1.0,0.2065493117918027,1.0
WURG Ephemerate,Mardu Affinity,1.0,1,1.0,0.2065493117918027,1.0
WURG Ephemerate,Red Rally,0.0,1,0.0,0.0,0.7934506882081973
WURG Ephemerate,Slivers,1.0,1,1.0,0.2065493117918027,1.0
Walls,Golgari Ramp,1.0,1,1.0,0.2065493117918027,1.0
Walls,Red Madness,0.0,1,0.0,0.0,0.7934506882081973
Walls,White Aggro,1.0,1,1.0,0.2065493117918027,1.0
Walls Cascade,Elves,1.0,2,0.5,0.09453120463920084,0.9054687953607992
Walls Cascade,Golgari Garden,2.0,2,1.0,0.3423802239546494,1.0
Walls Cascade,Grixis Affinity,1.0,2,0.5,0.09453120463920084,0.9054687953607992
Walls Cascade,Rakdos Madness,1.0,2,0.5,0.09453120463920084,0.9054687953607992
Walls Cascade,Dimir Faeries,0.0,1,0.0,0.0,0.7934506882081973
Walls Cascade,Gates,1.0,1,1.0,0.2065493117918027,1.0
Walls Cascade,Reanimator,1.0,1,1.0,0.2065493117918027,1.0
Walls Combo,Red Madness,7.0,16,0.4375,0.23098652281405668,0.6682144375606189
Walls Combo,Grixis Affinity,5.0,12,0.4166666666666667,0.1932603124346072,0.6804886891575758
Walls Combo,White Aggro,7.0,8,0.875,0.5291118149439162,0.9775825088000281
Walls Combo,Spy Combo,2.0,7,0.2857142857142857,0.08221892324928332,0.6410655504689458
Walls Combo,Tron,5.0,6,0.8333333333333334,0.4364971749742326,0.969946630588185
Walls Combo,Dimir Terror,1.0,5,0.2,0.03622410822563066,0.6244653729700049
Walls Combo,Elves,3.0,4,0.75,0.3006418400969081,0.954412739704631
Walls Combo,Jeskai Ephemerate,1.0,4,0.25,0.04558726029536886,0.6993581599030918
Walls Combo,Jund Midrange,2.0,4,0.5,0.15003898774401986,0.8499610122559802
Walls Combo,Mono Blue Faeries,2.0,4,0.5,0.15003898774401986,0.8499610122559802
Walls Combo,Mono Blue Terror,0.0,4,0.0,0.0,0.4898908403969213
Walls Combo,Azorius Familiars,2.0,3,0.6666666666666666,0.2076595988078242,0.9385080559790691
Walls Combo,Gates,1.0,3,0.3333333333333333,0.06149194402093078,0.7923404011921757
Walls Combo,Gruul Ramp,1.0,3,0.3333333333333333,0.06149194402093078,0.7923404011921757
Walls Combo,Altar Tron,1.0,2,0.5,0.09453120463920084,0.9054687953607992
Walls Combo,Burn,0.0,2,0.0,0.0,0.6576197760453506
Walls Combo,Dimir Faeries,0.0,2,0.0,0.0,0.6576197760453506
Walls Combo,Golgari Garden,0.0,2,0.0,0.0,0.6576197760453506
Walls Combo,Golgari Midrange,1.0,2,0.5,0.09453120463920084,0.9054687953607992
Walls Combo,Rakdos Madness,1.0,2,0.5,0.09453120463920084,0.9054687953607992
Walls Combo,Red Rally,2.0,2,1.0,0.3423802239546494,1.0
Walls Combo,Ruby Storm,0.0,2,0.0,0.0,0.6576197760453506
Walls Combo,Turbo Fog,1.0,2,0.5,0.09453120463920084,0.9054687953607992
Walls Combo,Bant Ephemerate,1.0,1,1.0,0.2065493117918027,1.0
Walls Combo,Boros Synthesizer,1.0,1,1.0,0.2065493117918027,1.0
Walls Combo,Caw Gates,1.0,1,1.0,0.2065493117918027,1.0
Walls Combo,Ephemerate Tron,0.0,1,0.0,0.0,0.7934506882081973
Walls Combo,Esper Familiars,1.0,1,1.0,0.2065493117918027,1.0
Walls Combo,Gruul Ponza,1.0,1,1.0,0.2065493117918027,1.0
Walls Combo,Infect,1.0,1,1.0,0.2065493117918027,1.0
Walls Combo,Izzet Control,1.0,1,1.0,0.2065493117918027,1.0
Walls Combo,Mono Black Midrange,1.0,1,1.0,0.2065493117918027,1.0
Walls Combo,Mono Red Burn,0.0,1,0.0,0.0,0.7934506882081973
Walls Combo,Mono Red Graveyard,0.0,1,0.0,0.0,0.7934506882081973
Walls Combo,Simic Graveyard,1.0,1,1.0,0.2065493117918027,1.0
Walls Combo,Simic Ramp,1.0,1,1.0,0.2065493117918027,1.0
Walls Combo,Tireless Tribe,1.0,1,1.0,0.2065493117918027,1.0
White Aggro,Grixis Affinity,24.0,55,0.43636363636363634,0.31373442273181157,0.567301837532886
White Aggro,Red Madness,29.0,47,0.6170212765957447,0.4742656684544478,0.7420931898875731
White Aggro,Red Rally,31.0,46,0.6739130434782609,0.5296773230356205,0.7913405676747237
White Aggro,Jund Midrange,24.0,43,0.5581395348837209,0.4110761434276745,0.6956669025707608
White Aggro,Elves,16.0,42,0.38095238095238093,0.24999725676014697,0.5318595984962604
White Aggro,Rakdos Madness,27.0,38,0.7105263157894737,0.5524286219521687,0.8299672224516298
White Aggro,Mono Blue Terror,24.0,34,0.7058823529411765,0.5383109006960254,0.8316536940601198
White Aggro,Tron,12.0,31,0.3870967741935484,0.2373310132333772,0.5617589151232731
White Aggro,Dimir Faeries,11.0,29,0.3793103448275862,0.22688022003638142,0.5599745593051456
White Aggro,Gates,12.0,24,0.5,0.3142742569328851,0.6857257430671149
White Aggro,Dimir Terror,15.5,23,0.6739130434782609,0.4699422356198516,0.828104157289688
White Aggro,Jeskai Ephemerate,8.0,20,0.4,0.21880653127178018,0.6134185007652458
White Aggro,Golgari Garden,5.0,19,0.2631578947368421,0.1180641227208778,0.4879155107704944
White Aggro,Mono Blue Faeries,8.0,17,0.47058823529411764,0.2616510631137911,0.6903676508497769
White Aggro,Spy Combo,3.0,15,0.2,0.0704754929173392,0.45185448924055305
White Aggro,Azorius Familiars,4.0,13,0.3076923076923077,0.12680703567070326,0.5763065701492199
White Aggro,Gruul Ramp,3.0,13,0.23076923076923078,0.08179528654269594,0.5025637616051964
White Aggro,Ephemerate Tron,3.0,12,0.25,0.08894166769488562,0.5323053370816633
White Aggro,Gruul Ponza,5.0,12,0.4166666666666667,0.1932603124346072,0.6804886891575758
White Aggro,Aura Bogles,7.0,10,0.7,0.3967781453459709,0.892208733443606
White Aggro,Golgari Midrange,4.0,10,0.4,0.1681803285264069,0.6873262320788047
White Aggro,Izzet Terror,5.0,10,0.5,0.23659308901147935,0.7634069109885206
White Aggro,Ruby Storm,1.0,10,0.1,0.017876212896073995,0.4041500295247722
White Aggro,Mono Black Sacrifice,4.0,9,0.4444444444444444,0.18877851977054566,0.7333487081991259
White Aggro,Mono Red Burn,5.0,9,0.5555555555555556,0.26665129180087416,0.8112214802294544
White Aggro,Tireless Tribe,3.0,9,0.3333333333333333,0.12058381743407343,0.6457978664749412
White Aggro,Altar Tron,2.0,8,0.25,0.07147921209795555,0.5907245720727483
White Aggro,Walls Combo,1.0,8,0.125,0.022417491199971912,0.47088818505608376
White Aggro,Burn,5.0,7,0.7142857142857143,0.3589344495310541,0.9177810767507166
White Aggro,Turbo Fog,3.0,7,0.42857142857142855,0.15821985399244537,0.7495416372469643
White Aggro,Infect,1.0,5,0.2,0.03622410822563066,0.6244653729700049
White Aggro,Cycle Storm,1.0,4,0.25,0.04558726029536886,0.6993581599030918
White Aggro,Esper Affinity,3.0,4,0.75,0.3006418400969081,0.954412739704631
White Aggro,Mono Red Synthesizer,3.0,4,0.75,0.3006418400969081,0.954412739704631
White Aggro,Mono White Heroic,1.0,4,0.25,0.04558726029536886,0.6993581599030918
White Aggro,Simic Control,3.0,4,0.75,0.3006418400969081,0.954412739704631
White Aggro,Caw Gates,1.0,3,0.3333333333333333,0.06149194402093078,0.7923404011921757
White Aggro,Dimir Midrange,0.0,3,0.0,0.0,0.5614970356393196
White Aggro,Jund Graveyard,2.0,3,0.6666666666666666,0.2076595988078242,0.9385080559790691
White Aggro,Mardu Synthesizer,2.0,3,0.6666666666666666,0.2076595988078242,0.9385080559790691
White Aggro,Orzhov Midrange,2.0,3,0.6666666666666666,0.2076595988078242,0.9385080559790691
White Aggro,Sultai Control,2.0,3,0.6666666666666666,0.2076595988078242,0.9385080559790691
White Aggro,Boros Bully,1.0,2,0.5,0.09453120463920084,0.9054687953607992
White Aggro,Dimir Affinity,0.0,2,0.0,0.0,0.6576197760453506
White Aggro,Izzet Control,2.0,2,1.0,0.3423802239546494,1.0
White Aggro,Mardu Ephemerate,1.0,2,0.5,0.09453120463920084,0.9054687953607992
White Aggro,Mono Red Kiln Fiend,2.0,2,1.0,0.3423802239546494,1.0
White Aggro,Mono White Midrange,1.0,2,0.5,0.09453120463920084,0.9054687953607992
White Aggro,Rakdos Goblins,1.0,2,0.5,0.09453120463920084,0.9054687953607992
White Aggro,Serpentine Curve,1.0,2,0.5,0.09453120463920084,0.9054687953607992
White Aggro,5c Ephemerate,0.0,1,0.0,0.0,0.7934506882081973
White Aggro,Abzan Linfelink,0.0,1,0.0,0.0,0.7934506882081973
White Aggro,Azorius Faeries,0.0,1,0.0,0.0,0.7934506882081973
White Aggro,Bant Ephemerate,0.0,1,0.0,0.0,0.7934506882081973
White Aggro,Black Burn,1.0,1,1.0,0.2065493117918027,1.0
White Aggro,Dimir Ephemerate,1.0,1,1.0,0.2065493117918027,1.0
White Aggro,Grixis Terror,0.0,1,0.0,0.0,0.7934506882081973
White Aggro,Izzet Affinity,0.0,1,0.0,0.0,0.7934506882081973
White Aggro,Izzet Kiln Fiend,1.0,1,1.0,0.2065493117918027,1.0
White Aggro,Jund Garden,0.0,1,0.0,0.0,0.7934506882081973
White Aggro,Orzhov Ephemerate,1.0,1,1.0,0.2065493117918027,1.0
White Aggro,Simic Graveyard,0.0,1,0.0,0.0,0.7934506882081973
White Aggro,Slivers,0.0,1,0.0,0.0,0.7934506882081973
White Aggro,Sultai Terror,1.0,1,1.0,0.2065493117918027,1.0
White Aggro,Walls,0.0,1,0.0,0.0,0.7934506882081973
Zubera Storm,Altar Tron,0.0,1,0.0,0.0,0.7934506882081973
Zubera Storm,Azorius Familiars,1.0,1,1.0,0.2065493117918027,1.0
Zubera Storm,Dimir Affinity,0.0,1,0.0,0.0,0.7934506882081973
Zubera Storm,Izzet Terror,0.0,1,0.0,0.0,0.7934506882081973
Zubera Storm,Jund Graveyard,0.0,1,0.0,0.0,0.7934506882081973
Zubera Storm,Mardu Synthesizer,0.0,1,0.0,0.0,0.7934506882081973
Zubera Storm,Mono Blue Faeries,0.0,1,0.0,0.0,0.7934506882081973
Zubera Storm,Red Madness,0.0,1,0.0,0.0,0.7934506882081973
